목록키,기관구분,기관명,목록명,목록설명,조회수,분류체계,키워드
15127225,교육부,교육부,교육부_특수교육 교육과정 총론 및 각론 고시,"교육부 고시 제2022-34호 / 이 교육과정은 유아교육법 제13조제2항, 초?중등교육법 제23조제2항, 장애인 등에 대한 특수교육법 제20조제1항에 의거하여 고시한 것으로, 특수교육 대상 학생이 취학하는 유치원, 초?중등학교 및 특수학교의 교육 목적을 달성하기 위해 유치원, 초?중등학교 및 특수학교에서 운영하여야 할 학교 교육과정의 공통적이고 일반적인 기준을 국가 수준에서 제시한 것이다.<br/>이 교육과정의 성격은 제1부 유치원 교육과정과 제2부 초?중등학교 교육과정으로 구분하여 제시한다.<br/>",60,교육 - 유아및초·중등교육,"장애인,유치원,교육기회"
15127207,교육부,교육부,교육부_재외교육기관포털_한국학교정보,"재외 한국학교의 정의 : 재외국민에게 국내의 초·중등 교육과정에 따른 학교교육을 실시하기 위하여 외국에 설립된 교육기관<br/>국가, 학교명, 공관명, 교장, 대표전화, 팩스, 주소, 개교일자, 정부설립인가일, 현지설립인가일, 정부운영인가일, 홈페이지 링크 등의 데이터를 제공",34,교육 - 유아및초·중등교육,"학교주소,재외한국학교,동포자녀"
15126419,교육부,교육부,교육부_교육부 시도별 진로상담교사 배치현황,"시도별, 국공립과 사립,  초중등 학교급 및 고등학교 구분에 따른 진로전담교사 배치 현황 및 순회교사 정보를 제공하고 있습니다.",100,교육 - 유아및초·중등교육,"시도,진로상담교사,배치현황"
15100360,교육부,교육부,교육부_학생건강검사 표본조사 rawdata,"학생건강정보센터(https://schoolhealth.kr/index.do) >> 정책동향 >>  학생건강검사 >> 원시자료 탭 >> 학생건강검사 원자료 다운로드가 가능합니다.<br/>데이터 항목 list<br/>학년도,시도별,학교급별,학교명,학년,반,순번,성별,생년월일,키,몸무게,체질량지수,건강검진일,척추,시력_나안_좌,시력_나안_우,시력_교정_좌,시력_교정_우,안질환,청력_좌,청력_우,귓병,콧병,목병,피부병,요단백,요잠혈,혈당(식전)(mg/dl),총콜레스테롤(mg/dl),HDL(mg/dl),중성지방(mg/dl),LDL(mg/dl),AST(U/L),ALT(U/L),혈색소(g/dl)",4303,교육 - 유아및초·중등교육,"학생건강,표본조사,학생건강정보센터"
15040972,교육부,교육부,교육부_초중고 학교도서관 현황_학교별,"초중고 학교도서관 현황  데이터는 연도, 시도, 행정구, 교육지원청, 학교급, 학교명, 장서수, 연간이용자, 연간이용책, 사서교사, 직원, 사서자격증보유여부 등 관련 학교 도서관 현황자료를 제공하고 있습니다.",4265,교육 - 유아및초·중등교육,"학교도서관,사서교사,학교보유도서수"
15106335,교육부,교육부,교육부_온종일돌봄(초등돌봄) 시설 현황,"교육부 대표 홈페이지 >> 초·중·고 교육 >> 초등돌봄교실 현황을 제공합니다. 시도, 시군구, 학교명, 이용인원을 제공합니다.",2845,교육 - 유아및초·중등교육,"돌봄교실,학교돌봄터,청소년방과후"
15122331,교육부,교육부,교육부_나이스(NEIS) 교육정보 개방 포털_초등학교 시간표,"시도교육청이 나이스 교육정보를 제공하고 교육부(한국교육학술정보원)가 개방 교육정보를 서비스 합니다. 교육정보를 활용할 아이디어가 있으면 인증키 발급 후 활용 가이드에 따라 웹 또는 모바일 어플리케이션 개발 할 수 있도록 서비스 제공. 초등학교 학년도, 학교, 학기, 학년, 학급, 교시별 시간표 수업내용을 제공",694,교육 - 유아및초·중등교육,"교육정보개방,어플리케이션,개발"
15122332,교육부,교육부,교육부_나이스(NEIS) 교육정보 개방 포털_중학교 시간표,"시도교육청이 나이스 교육정보를 제공하고 교육부(한국교육학술정보원)가 개방 교육정보를 서비스 합니다. 교육정보를 활용할 아이디어가 있으면 인증키 발급 후 활용 가이드에 따라 웹 또는 모바일 어플리케이션 개발 할 수 있도록 서비스 제공, 중학교 학년도, 학교, 학기, 학년, 학급, 교시별 시간표 수업내용 제공",450,교육 - 유아및초·중등교육,"교육정보개방,어플리케이션,개발"
15122333,교육부,교육부,교육부_나이스(NEIS) 교육정보 개방 포털_고등학교 시간표,"시도교육청이 나이스 교육정보를 제공하고 교육부(한국교육학술정보원)가 개방 교육정보를 서비스 합니다. 교육정보를 활용할 아이디어가 있으면 인증키 발급 후 활용 가이드에 따라 웹 또는 모바일 어플리케이션 개발 할 수 있도록 서비스 제공. 고등학교 학년도, 학교, 계열, 학과, 학기, 학년, 강의실, 교시별 시간표 수업내용 제공",562,교육 - 유아및초·중등교육,"교육정보개방,어플리케이션,개발"
15122275,교육부,교육부,교육부_나이스(NEIS) 교육정보 개방 포털_초중등_학교기본정보,"시도교육청이 나이스 교육정보를 제공하고 교육부(한국교육학술정보원)가 개방 교육정보를 서비스 합니다.
교육정보를 활용할 아이디어가 있으면 인증키 발급 후 활용 가이드에 따라 웹 또는 모바일 어플리케이션 개발 할 수 있도록 서비스 제공
학교 기본정보에 대한 학교명, 소재지, 주소, 전화번호, 홈페이지주소, 남녀공학여부, 주야구분, 개교기념일 등을 제공",671,교육 - 유아및초·중등교육,"교육정보개방,어플리케이션,개발"
15121146,교육부,교육부,교육부_교육통계서비스_행정구역별 학년별 학급수 및 학생수,"한국교육개발원 교육통계서비스(kess.kedi.re.kr)에서 제공합니다.  행정구역별 학년별 학급수 및 학생수를 제공(1999-2022)하며, 엑셀, 워드, pdf파일로 제공받을 수 있습니다. <br/>학급수는 인가학급 기준임(2020년까지), 학년별 학급수 및 학생수는 초,중,고만 제공함",629,교육 - 유아및초·중등교육,"행정구역,유초중등,통계"
15119001,교육부,교육부,교육부_하이파이브_직업영어교재,"마이스터고 : 공식명칭은 “산업수요 맞춤형 고등학교”. 유망분야의 특화된 산업수요와 연계하여 예비 마이스터를 양성하는 특수목적고로 분류됨 <br/>특성화고 : 소질과 적성 및 능력이 유사한 학생을 대상으로 특정분야의 인재양성을 목적으로 하는 교육 또는 현장실습 등 체험위주의 교육을 전문적으로 실시하는 학교<br/><br/><br/>원예조경 영어, 유통물류 영어, 전자 영어, 기계 영어, 건축 영어,  전기 영어,  조리 서비스 영어, 해양생산 영어, 금융 영어, 건축 영어  e-book 제공",148,교육 - 유아및초·중등교육,"원예조경,전자영어,건축영어"
15119004,교육부,교육부,교육부_하이파이브_직업계고 학점제 정보,"마이스터고 : 공식명칭은 “산업수요 맞춤형 고등학교”. 유망분야의 특화된 산업수요와 연계하여 예비 마이스터를 양성하는 특수목적고로 분류됨 <br/>특성화고 : 소질과 적성 및 능력이 유사한 학생을 대상으로 특정분야의 인재양성을 목적으로 하는 교육 또는 현장실습 등 체험위주의 교육을 전문적으로 실시하는 학교<br/><br/>직업계고 학점제 학교 공간 조성 운영안내서, 직업계고 학점제 안내서, 고등학교 학생평가 안내서 등 정보 제공",376,교육 - 유아및초·중등교육,"운영안내서,우수사례,리플릿"
15119007,교육부,교육부,교육부_하이파이브_안전한 현장실습 자료,"마이스터고 : 공식명칭은 “산업수요 맞춤형 고등학교”. 유망분야의 특화된 산업수요와 연계하여 예비 마이스터를 양성하는 특수목적고로 분류됨 <br/>특성화고 : 소질과 적성 및 능력이 유사한 학생을 대상으로 특정분야의 인재양성을 목적으로 하는 교육 또는 현장실습 등 체험위주의 교육을 전문적으로 실시하는 학교<br/><br/>직업계고 현장실습시 학교, 기업, 학생을 대상으로 매뉴얼 및 강의 자료 제공",494,교육 - 유아및초·중등교육,"직업계고,산업안전,매뉴얼"
15119011,교육부,교육부,교육부_하이점프_직업계고 기초학력향상_실용국어1,"직업기초능력 중 의사소통(국어) 능력 함양을 위한 교수학습 자료<br/>총 10개 주제(성찰, 관심과 흥미, 직업, 배려, 가족의 의미, 가족의 조건, SNS와 의사소통, 예절, 윤리의식, 환경) 30차시 분량<br/>",156,교육 - 유아및초·중등교육,"의사소통,교수학습,직업기초능력"
15119022,교육부,교육부,교육부_하이점프_직업계고 기초학력향상_수학보정학습,"자연수의 사칙 계산, 자연수의 성질, 분수와 소수, 분수의 사칙계산, 소수의 사칙 계산, 정수, 유리수, 순환소수, 제곱근, 무리수, 규칙과 대응, 함수의 뜻, 함수의 뜻, 일차함수, 다항식의 사칙계산 등 보정학습 자료 제공",68,교육 - 유아및초·중등교육,"공간과모양,변화와관계,불확실성"
15119010,교육부,교육부,교육부_교과용도서_수정_보완_통계정보,"학교급 또는 국검인정별, 교과군(교과서, 지도서, 디지털교과서), 교과군(국어, 영어, 수학, 건설, 정보, 농림수산해양, 미용, 기계 등)으로 검색가능<br/>학교급, 교과군, 내용수정(용어, 개념, 설명, 삽화, 사진, 기타), 정정사유(국가사회적요구사항, 자체수정, 민원요청, 의견제안) 데이터의 통계자료 제공<br/>한국교과서연구재단에서 제공",189,교육 - 유아및초·중등교육,"수정보완 년도,도서구분,교과군"
15118987,교육부,교육부,교육부_에듀넷티클리어_주제별 학습자료_과목별,"한국교육학술정보원 운영, 교과학습, 교육정책자료, 수업 및 연구자료, 커뮤니티 제공<br/>주제별, 과목별 학습자료, 사회, 과학, 음악, 미술, 체육, 기술, 가정, 실과, 범교과학습주제로 분류하여 자료제공<br/>",210,교육 - 유아및초·중등교육,"학습주제,과목별,카드뉴스"
15118999,교육부,교육부,교육부_하이파이브_특성화고 학교현황,특성화고 : 소질과 적성 및 능력이 유사한 학생을 대상으로 특정분야의 인재양성을 목적으로 하는 교육 또는 현장실습 등 체험위주의 교육을 전문적으로 실시하는 학교<br/><br/>전국의 특성화고 현황 통계 제공<br/>,4212,교육 - 유아및초·중등교육,"학교명,교육청,특성화고통계"
15119008,교육부,교육부,교육부_하이파이브_직업계고 학교현황,"마이스터고 : 공식명칭은 “산업수요 맞춤형 고등학교”. 유망분야의 특화된 산업수요와 연계하여 예비 마이스터를 양성하는 특수목적고로 분류됨 <br/>특성화고 : 소질과 적성 및 능력이 유사한 학생을 대상으로 특정분야의 인재양성을 목적으로 하는 교육 또는 현장실습 등 체험위주의 교육을 전문적으로 실시하는 학교<br/><br/>학교통계 : 유형-지역, 설립-지역, 유형-설립, 유형-남녀, 설립-남녀 등의 통계 자료 제공<br/><br/>학생통계 : 유형-지역, 설립-지역, 유형-설립 등의 구분하여 통계자료 제공<br/><br/>엑셀다운로드 상세 : 교육청, 학교명, 학교유형, 설립구분, 교장실, 교무실,  행정실, 취업지도실, FAX, 홈페이지, 우편번호, 주소, 학급별 학과수, 학생수, 학과정보, 학과코드 정보 제공",291,교육 - 유아및초·중등교육,"설립구분,학생수,학과정보"
15106331,교육부,교육부,교육부_학교알리미_학교기본정보_학년별학급별 학생수,"학교알리미의 학교기본정보(시도교육청,지역교육청,지역,정보공시 학교코드,학교명,학교급코드,설립구분,학교특성,분교여부,설립유형 등) 및 학년별학급별 학생수(시도교육청,지역교육청,지역,정보공시 학교코드,학교명,학교급코드,설립구분,제외여부,제외사유,1학년 학급수,1학년 학생수,1학년 학급당 학생수 등)",3519,교육 - 유아및초·중등교육,"학교정보공시,지원교육청별,학교좌표"
15102661,교육부,교육부,교육부_재외한국학교 교육과정 운영 현황,"재외국민의 교육지원 등에 관한 법률 제8조에 의거하여 재외한국학교의 교육과정은 초·중등교육법 제23조의 규정에 따라 교육부장관이 정하는 교육과정에 준하여 편성하고 있는바, 전 세계 재외한국학교(34개교)에서 운영 중인 교육과정 현황을 제공하고자 합니다.",765,교육 - 유아및초·중등교육,"재외교육기관,재외한국학교,교육과정"
15102785,교육부,교육부,교육부_학교안전교육 전문강사 인력풀 현황,학교안전교육 전문강사 인력풀에 대한 데이터입니다. 시도별로 각 안전교육에 해당하는 전문강사 인원 수가 작성되어있습니다.,1109,교육 - 유아및초·중등교육,"안전교육,전문강사,현황"
15102788,교육부,교육부,교육부_학생안전체험시설 현황,"시도별 학생안전체험시설의 건립 및 운영 현황에 대하여 작성한 데이터로, 각 시도별로 운영 중인 학생안전체험시설 수와 건립 중인 학생안전체험시설 수를 알 수 있습니다.",1001,교육 - 유아및초·중등교육,"학생안전,안전체험,시설현황"
15113365,교육부,교육부,교육부_교육관련 데이터(EDSS) 제공목록,"<데이터 제공목록><br/>교육통계, 학교정보공시, 특수교육, 학업성취도, 수능, 나이스, 고등교육, 대학정보공시, 취업/평생통계<br/><br/><수집년도><br/>교육통계 : 2009년~<br/>학교정보공시 : 2009년~<br/>특수교육통계 : 2016년~<br/>나이스 : 2011년~<br/>국가수준학업성취도, 대학수학능력시험 : 2009년~<br/>고등교육통계 : 2009년~<br/>대학정보공시 : 2009년~<br/>취업/평생교육 : 2011년~<br/><br/>-공개용데이터 / 심사용데이터로 구분하여 제공<br/>-공개용데이터: 로그인 없이 다운로드<br/>-심사용데이터 : 로그인 및 연구계획서 작성 및 심의 후 제공<br/><br/>※ EDSS 제공신청 참고사항<br/>1. 제공되는 자료에서 학교 및 학생 식별정보는 EDSS에서 관리하는 ""층화ID""로 변경되어 제공. 단, 제공되는 데이터들은 시계열 분석이 가능하도록 제공.<br/>2. EDSS에서 제공되는 자료는 전체 학교 데이터가 아닌, 소규모 학교 등의 일부 대상을 제외한 데이터를 제공.",991,교육 - 유아및초·중등교육,"초중등교육,고등교육,교육통계"
15037482,교육부,교육부,교육부_정보공시 초중등학교 기본정보,"정보공시 초중등학교 기본정보(학교명,설립구분, 주소, 우편번호, 홈페이지 주소 등)와 관련해 학교급별 데이터를 확인할 수 있습니다.",4714,교육 - 유아및초·중등교육,"초중등,기본정보,정보공시"
15037485,교육부,교육부,교육부_통합제공 유치원 현황,"「유아교육법」에 따라 설립한 국/공/사립 유치원의 현황과 관련해 기본현황(학급수, 원아수 등)과 직위/자격별 교직원 현황에 대한 데이터를 확인할 수 있습니다.(""자료실""의 ""공시자료 다운로드"" 페이지에 접속하여 데이터 제공을 희망하는 ""시/도"",""공시차수"",""공시항목""을 선택하여 다운로드 가능)",8101,교육 - 유아및초·중등교육,"유치원,학급수,원아수"
15037478,교육부,교육부,교육부_초중등학교 입학생 현황,"정보공시 초중등학교 입학생 및 졸업생 현황과 관련해 초등학교, 중학교, 고등학교, 특수학교를 대상으로 최초 입학일의 입학생 현황 데이터를 확인할 수 있습니다.('공개용데이터'의 '학사/학생'에서 확인 가능)",4451,교육 - 유아및초·중등교육,"초중등학교,입학생,졸업생"
15037479,교육부,교육부,교육부_통합제공 정보공시 초중등학교 학교 도서관 현황,"정보공시 초중등학교 학교 도서관 현황. 학교 도서관 현황(자료 보유), 학교 도서관 현황(이용  현황), 학교 도서관 현황(운영 현황) 관련 데이터를 포함하고 있습니다.(""공개용데이터""의 ""보건/복지"" 항목에서 확인 가능)",3523,교육 - 유아및초·중등교육,"정보공시,초중등학교,학교도서관"
15037481,교육부,교육부,교육부_통합제공 정보공시 초중등학교 학생 체력 증진 현황,정보공시 초중등학교 학생 체력 증진 현황과 관련하여 전체 학교를 대상으로 학생들의 학생건강체력평가 결과를 확인할 수 있습니다. ('공개용데이터'→ '보건/복지'탭에서 확인가능),5086,교육 - 유아및초·중등교육,"정보공시,초중등학교,학생 체력"
15037483,교육부,교육부,교육부_통합제공 정보공시 초중등학교 현황(학생수_학급수),"정보공시 초중등학교 현황(학생수, 학급수)과 관련하여 학교별 학급수, 일반학급, 특수학급, 순회학급, 학생수 등 상세한 학생수 데이터를 확인할 수 있습니다.(""공개용데이터""→ ""학사/학생""탭에서 확인가능)",10932,교육 - 유아및초·중등교육,"정보공시,초중등학교,학생수"
15037480,교육부,교육부,교육부_정보공시 초중등학교 방과후 학교 운영 계획 및 운영 지원 현황,"정보공시 초중등학교 방과후 학교 운영 계획 및 운영 지원 현황에 대한 데이터로 방과후학교 운영방침, 운영 절자 및 일정 등을 포함한 내용 확인이 가능합니다.('공개용데이터'의 '보건/복지'에서 확인 가능)",3288,교육 - 유아및초·중등교육,"정보공시,초중등학교,방과후 학교"
15039471,교육부,교육부,교육부_통합제공 정보공시 초중등학교 교복구매 현황,정보공시 초중등학교 교복구매 현황과 관련하여 각급 학교별 교복 구매 유형 및 단가를 포함하는 데이터를 확인할 수 있습니다.('공개용데이터' 의 '재정/시설/설비' 탭에서 확인 가능),2913,교육 - 유아및초·중등교육,"정보공시,초중등,교복"
15100897,교육부,교육부,교육부_질의회신사례집,"질의 · 회신사례는 국민 여러분께서 제기하신 교육부 소관민원에 대해 해당부서에서 답변한 내용을 정형화 한 것입니다.<br/>유아?특수교육, 초?중등교육, 교육안전정보, 고등교육, 평생교육, 기타, 민원처리 관련 법령 내용을 담고 있습니다.",1977,교육 - 유아및초·중등교육,"질의응답,민원,회신"
15110990,교육부,교육부,교육부_코로나19 대응 추진 현황,코로나19 대응 추진 현황<br/>-유초중등 코로나19 발생 보고 현황(일별)<br/>-등교수업일 조정현황<br/>-학생 미등교 사유 및 진단검사 현황 등 일별 보도자료 취합<br/>,398,교육 - 유아및초·중등교육,"코로나19,대응,보도자료"
15052731,교육부,교육부,교육부_교육통계연보,"교육통계연보는 교육통계사업 산출물 중 가장 대표적인 성격을 띤 통계자료집으로서, 학교, 교원, 학생등에 대한 교육통계정보를 담고 있습니다. 이러한 통계정보는 우리 교육 현황을 종합적으로 이해하고, 교육정책 수립과 학술연구 활동 등 교육발전을 위한 기초자료로 널리 활용되고 있습니다.",12817,교육 - 유아및초·중등교육,"교육통계,교원,학교정보"
15048979,교육부,교육부,교육부_초중등학교 정보공시 급식비 현황,"전국 시도교육청 소속 초중등학교들의 급식비 현황을 확인할 수 있습니다. 정보공시 학교코드, 학교명, 학교급코드, 학생 1인당 급식비(1식 기준) 등을 포함하고 있습니다. 보건/복지 항목 중 급식비 집행  실적에서 상세 내용 확인이 가능합니다. 매년 5월에 자동갱신되어 최신 정보를 제공하고 있습니다.",3710,교육 - 유아및초·중등교육,"정보공시,초중등학교,급식비"
15052732,교육부,교육부,교육부_유초중등교육기관 학생 및 교원수 현황,"유초중등교육기관 학생 및 교원수 현황 자료로 시도, 학교급, 학교수, 학생수 등 유초중등교육기관 학생 및 교원수 현황을 파악",10067,교육 - 유아및초·중등교육,"시도별,교육기관학생,교육기관교원수"
15102963,교육부,교육부,교육부_전국 외국인학교 목록,"초중등교육법 제 60조의 2 , 외국인학교 및 외국인유치원의 설립 운영에 관한 규정에 따른 전국 외국인학교 현황을 제공합니다.",1413,교육 - 유아및초·중등교육,"외국인학교,국제학교,각종학교"
15100779,교육부,교육부,교육부_유초중등 학교별 학년별 학생수 학급수 입학 졸업 교원 직원 면적,"2021년 유초중등 지역별, 학교별, 학년별, 학생수, 학급수, 입학 졸업 교원 직원, 면적 등 학교/학과별 데이터셋을 제공합니다.<br/>https://kess.kedi.re.kr/index -> 우측 중간 자주찾는 자료의 학과별, 학교별 데이터셋 클릭 -> 유, 초등, 중등 학교별 - 상반기 2021년도 클릭하여 다운로드 -> 엑셀 자료중 학교별 교지면적 확인가능<br/>",2027,교육 - 유아및초·중등교육,"학교면적,학교부지,교지면적"
15048978,교육부,교육부,교육부_초중등학교 정보공시 급식 실시 현황,"전국 시도교육청 대상 학교급별 급식 실시 현황 데이터를 제공하고 있습니다. 학교코드, 학교명, 급식 운영방식 등 내용을 확인할 수 있습니다.",3650,교육 - 유아및초·중등교육,"학교알리미,초중등학교,급식"
3058881,교육부,교육부,교육부_누리과정지원예산,"누리과정 유아학비지원 관련 자료.<br/>지방교육재정알리미 (https://eduinfo.go.kr/portal/main.do) 사이트 접속 -> [지방교육재정] 메뉴 선택 -> [예산공시] 선택 -> 년도 선택 -> <누리과정> 입력 후 검색 -> 검색된 트리메뉴에서 <누리과정지원> TEXT 선택 -> 시,도교육청별 선택, SHEET선택 , 년도 선택 -> 검색 -> 다운로드 버튼 클릭 -> 원하는 확장자 선택 후 다운로드 버튼 클릭.",2291,교육 - 유아및초·중등교육,"누리과정 교부금,지방교육재정,유치원어린이집"
3058878,교육부,교육부,교육부_학생건강체력평가제,"초중고등학생의 학생 건강 체력 평가 정보.<br/>https://www.schoolinfo.go.kr/ng/go/pnnggo_a01_l2.do<br/>[학교알리미] 사이트 접속 -> [보건복지] 탭 선택 -> [학생의 체력 증진에 관한 사항] 라벨 선택 -> 공시년도, 학교급 선택 후 다운로드 가능. 확장자는 엑셀, CSV, json 가능.<br/>2019년도 이후 데이터 다운로드 가능.",6297,교육 - 유아및초·중등교육,"학생체력,학생건강체력평가,체력장"
15050339,교육부,교육부,교육부_미디어 리터러시 교육 자료(영문),코로나19 관련 미디어 리터러시 교육을 위한 웹포스터 및 카드뉴스(가정에서의 미디어 리터러시 활동)_영문<br/>(이미지자료),2439,교육 - 유아및초·중등교육,"코로나,미디어 교육,리터러시"
15050340,교육부,교육부,교육부_미디어 리터러시 교육 자료,코로나19 관련 미디어 리터러시 교육을 위한 웹포스터 및 카드뉴스(가정에서의 미디어 리터러시 활동)<br/>(이미지파일),5797,교육 - 유아및초·중등교육,"covid,미디어 교육,정보"
15036719,교육부,교육부,교육부_유치원 공시자료 다운로드,"전국 국/공/사립 유치원의 기본현황, 교직원 현황 등의 공시정보를 파일로 다운로드 할 수 있도록 제공합니다. <br/>Excel, CSV확장자로 다운로드 가능합니다.",3791,교육 - 유아및초·중등교육,"유치원,정보공시,유치원알리미"
15052735,교육부,교육부,교육부_대학 학과계열별 입학정원,"대학 학과계열별 입학정원 통계를 년도별로 제공하고 있으며 대학 과정 학제 기준입니다. ※- 해당 학제 : 일반대학, 교육대학, 방송통신대학, 산업대학, 기술대학, 각종학교(대학과정), 사이버대학(대학과정), 원격대학형태의 평생교육시설(대학과정), 사내대학형태의 평생교육시설(대학과정)",16019,교육 - 유아및초·중등교육,"교육통계,대학,학과"
15091133,교육부,교육부,교육부_유초중등_연도별 취학률,"해당 데이터는 교육통계서비스에서 제공하고 있으며, 유초중등통계 중 연도별 취학률 관련 내용을 제공하고 있습니다. 산출식 및 통계설명을 통해 보다 상세한 내용을 확인할 수 있습니다.",1245,교육 - 유아및초·중등교육,"유치원,초중등,취학"
15076816,교육부,교육부,교육부_교과서연구재단  교과서 정보 API,"한국교과서연구재단 소장정보, 국립중앙도서관 소장정보, 공공도서관 종합목록 등을 활용하여 다양한 애플리케이션을 보다 쉽게
개발할 수 있도록 API제공",3108,교육 - 유아및초·중등교육,"교과서연구재단,교과서,교과서 API"
15037486,교육부,교육부,교육부_유치원 급식 및 통학차량 현황,"시도별, 설립유형별  유치원 급식 및 통학차량 현황 정보 (2019년도 공시 기준)",2620,교육 - 유아및초·중등교육,"유치원,급식,통학차량"
15037487,교육부,교육부,교육부_유치원 환경위생 및 안전 등 현황,유치원 환경위생 및 안전 현황,2296,교육 - 유아및초·중등교육,"유치원,환경,위생"
15052734,교육부,교육부,교육부_대학원 학과 계열별 입학자수 통계,2019년도 대학원 학과계열별 입학자수 통계 제공,9547,교육 - 유아및초·중등교육,"교육통계,학교,학교 정보"
15052733,교육부,교육부,교육부_유초중등교육기관 주소록 및 연락처,"시도 학교유형별 학교연락처 학교주소 등 학교기본현황 데이터, 2018년도 조사 데이터",12026,교육 - 유아및초·중등교육,"교육통계,학교,주소록 및 연락처"
15068565,교육부,교육부,교육부_시도별 초등학교 컴퓨터보유현황,"교육통계_시도별  초등학교 컴퓨터보유현황, 2019년도 조사기준",2161,교육 - 유아및초·중등교육,"초등학교,컴퓨터보유현황,교육통계서비스"
15068575,교육부,교육부,교육부_시도별 중학교 컴퓨터보유현황,"시도별 중학교 컴퓨터보유현황 교육통계조사 , 2019년도 조사기준",2003,교육 - 유아및초·중등교육,"중학교,컴퓨터보유현황,교육통계서비스"
15068581,교육부,교육부,교육부_시도별 일반고등학교 컴퓨터보유현황,"시도별 고등학교 컴퓨터보유현황 교육통계조사, 2019년도 조사기준",1986,교육 - 유아및초·중등교육,"고등학교,컴퓨터보유현황,교육통계서비스"
15068036,교육부,교육부,교육부_6차 교육과정별 초등학교 교과서정보,국내에서 발행된 6차 교육과정의 초중등 학교급별 교과서 정보 제공,4118,교육 - 유아및초·중등교육,"교과서정보,6차교육과정,초등학교"
15068040,교육부,교육부,교육부_6차 교육과정별 중학교 교과서정보,국내에서 발행된 6차 교육과정의 초중등 학교급별 교과서 정보 제공,3002,교육 - 유아및초·중등교육,"교과서정보,중학교,6차교육과정"
3059516,교육부,교육부 국립특수교육원,교육부 국립특수교육원 특수교육 연구 정보,"특수교육 관련 학술 연구 논문 자료이며 발간년도, 제호,제목,연구자를 포함합니다. 매년 자료를 갱신하며 업무체계분류는 유아및초중등교육 입니다.",2444,교육 - 유아및초·중등교육,"학술 논문,연구보고서,학술연구"
15047505,교육부,교육부 국립특수교육원,교육부 국립특수교육원_거점학교 지정 운영 현황,"장애학생 통합형 직업교육 거점학교 지정 운영 현황(연도별 거점학교 지정운영 현황)으로써 지정년도, 학교명, 교육청, 설립별, 지정유형을 포함하고 있습니다.<br/>자료는 매년 갱신됩니다.",3153,교육 - 유아및초·중등교육,"직업교육,거점학교,진로직업"
15052681,교육부,교육부 국립특수교육원,교육부 국립특수교육원_특수교육지원센터현황,"특수교육 지원센터의 현황으로 시도, 교육청, 센터명, 우편번호, 주소, 전화번호, 팩스번호, 설치된 기관, 홈페이지 주소를 포함",4693,교육 - 유아및초·중등교육,"국립특수교육원,지원센터,학교"
15052682,교육부,교육부 국립특수교육원,교육부 국립특수교육원_특수학교현황,"특수교육 기관의 현황으로 시도, 설립별, 장애영역, 교장명, 인가년월일, 개교년월일, 교장실 전화번호, 행정실 전화번호, 교무실 전화번호, 팩스, 우편번호, 주소, 홈페이지 주소를 포함",4591,교육 - 유아및초·중등교육,"국립특수교육원,특수학교,학교"
15047506,교육부,교육부 국립특수교육원,교육부 국립특수교육원_특수학교 학교기업 운영 현황,"특수학교 기업 현황으로 학교명, 개관연도, 장애유형, 사업직종,소속교육청,지정유형 등을 포함합니다. 매년 자료를 갱신합니다.",2974,교육 - 유아및초·중등교육,"학교기업,특수학교,진로직업"
15077326,교육청,경기도교육청,경기도교육청_다문화학생현황_학제별_행정구역별_국가별,"행정구역별 초등학교,중학교,고등학교 다문화학생 현황(국제결혼가정의 국내 출생 자녀, 국제결혼 가정의 중도입국 자녀, 외국인가정 자녀)",1889,교육 - 유아및초·중등교육,"다문화,외국학생,국제결혼가정 학생"
15077328,교육청,경기도교육청,경기도교육청_국가별 유학생 현황,"경기도 초등학교,중학교,고등학교 학생의 유학 현황으로 세부적으로 유학유형별(유학, 파견동행, 해외이주) 및 국가별 유학현황 데이터를 제공합니다.",1222,교육 - 유아및초·중등교육,"경기도 유학생,유학생,경기도 유학"
15077330,교육청,경기도교육청,경기도교육청_학제별_학급_학생수_교원수_직원수_교실수_교지면적,"경기도 학제별 학교수, 학급수 ,학생수, 교원수(기간제교원수 포함), 직원수,  학생변동상황, 교지면적, 교실 수 등  현황입니다.",2181,교육 - 유아및초·중등교육,"학생수,경기도 학급수,경기도 교원수"
15077331,교육청,경기도교육청,경기도교육청_행정구역별_학제별_학급_학생_교원,"경기도 행정구역별, 학교급별  학생수, 학급수, 교원수, 직원수, 고등학교 진학 관련 자료 및 교실수, 교지면적 등 학교별 주요 현황입니다.",2386,교육 - 유아및초·중등교육,"경기도 학생,학생수,학교수"
3039887,교육청,경기도교육청,경기도교육청_학교급식 위생안전_위생안전관리,"학교급식 위생안전에 대한 데이터로 연 2회 실시하는 학교급식 위생안전점검 결과, 위생관리지침 등의 항목을 제공합니다.",2552,교육 - 유아및초·중등교육,"위생안전관리,학교급식,학교급식보건과"
15112733,교육청,경기도교육청,경기도교육청_경기도 소재 초등학교 학교도서관 대출정보,"2022 경기도교육청 초등학교 학교도서관 대출정보(교육지원청, 학교, 학년, 도서명 등), 학년이 0인 경우 교직원, 지역주민",881,교육 - 유아및초·중등교육,"도서관,학교도서관,대출정보"
3036368,교육청,경상남도교육청,경상남도교육청_경상남도 학교정보,"유 초 중 고 특수 각종학교의 지역, 설립구분, 고교유형, 남녀공학, 학급수, 학생수, 교원수, 직원수, 개교일자, 우편번호, 주소, 전화, 팩스, 홈페이지",5294,교육 - 유아및초·중등교육,"학교명,홈페이지주소,주소"
3068917,교육청,경상북도교육청 경상북도구미교육지원청,경상북도교육청 경상북도구미교육지원청_폐교재산 정보,경상북도구미교육지원청에서 보유하고 있는 폐교 재산에 대한 임대 및 매각 관련 정보,2114,교육 - 유아및초·중등교육,폐교@교육청@폐교임대
3068888,교육청,경상북도교육청 경상북도문경교육지원청,경상북도교육청 경상북도문경교육지원청_폐교재산 정보,"경상북도문경교육지원청에서 보유하고 있는 폐교 재산에 대한 자체활용 및 임대 관련 정보(활용유형, 폐교명, 소재지 등)",2259,교육 - 유아및초·중등교육,"폐교,교육지원청,폐교임대"
3071564,교육청,경상북도교육청 경상북도봉화교육지원청,경상북도교육청 경상북도봉화교육지원청_학원 및 교습소 현황,"경상북도봉화교육청 학원 및 교습소 현황입니다.(교습과정, 설립자, 학원명 등)",2163,교육 - 유아및초·중등교육,"학원,교습과정,설립자"
15053329,교육청,경상북도교육청 경상북도성주교육지원청,경상북도교육청 경상북도성주교육지원청_학원 교습소 현황,성주교육지원청 내 학원 교습소 현황,2574,교육 - 유아및초·중등교육,"교육예산,학교회계,교육비특별회계"
15053331,교육청,경상북도교육청 경상북도성주교육지원청,경상북도교육청 경상북도성주교육지원청_패교재산 정보,성주교육지원청의 폐교재산 정보,2156,교육 - 유아및초·중등교육,"폐교,교육청,폐교임대"
15053328,교육청,경상북도교육청 경상북도성주교육지원청,경상북도교육청 경상북도성주교육지원청_성주교육지원청 학원교습소 현황(2017년11월23일기준),"2017년 성주관내 학원교습소 현황(학원명, 주소, 전화번호)",2365,교육 - 유아및초·중등교육,교육예산@학교회계@교육비특별회계
15053330,교육청,경상북도교육청 경상북도성주교육지원청,경상북도교육청 경상북도성주교육지원청_성주교육지원청 폐교재산 정보(2017년5월25일기준),"성주관내 폐교재산 정보(폐교명, 주소, 활용현황,대부현황 등)",2017,교육 - 유아및초·중등교육,폐교@교육청@폐교임대
15053242,교육청,경상북도교육청 경상북도영주교육지원청,경상북도교육청 경상북도영주교육지원청_학원 현황(2019. 6. 30. 기준),"경상북도영주교육지원청 학원 정보(학원명, 학원종류, 분야구분, 일시수용능력인원, 교습계열, 교습과정, 교습과목)",2461,교육 - 유아및초·중등교육,교육@학원@교습소
15053243,교육청,경상북도교육청 경상북도영주교육지원청,경상북도교육청 경상북도영주교육지원청_교습소 현황(2019. 6. 30. 기준),"경상북도영주교육지원청 교습소 정보(교습소명, 일시수용능력인원, 분야구분, 교습계열, 교습과정, 교습과목)",2301,교육 - 유아및초·중등교육,교육@학원@교습소
3068945,교육청,경상북도교육청 경상북도영주교육지원청,경상북도교육청 경상북도영주교육지원청_폐교재산 정보,영주교육지원청에서 보유하고 있는 폐교재산에 대한 임대 및 매각관련 정보,2426,교육 - 유아및초·중등교육,폐교@교육청@폐교임대
15061676,교육청,경상북도교육청 경상북도영천교육지원청,경상북도교육청 경상북도영천교육지원청_폐교재산현황,"경상북도영천교육지원청 폐교재산현황에 대한 데이터로 학교명, 폐교년도, 소재지, 활용여부 등의 항목을 제공합니다.",2080,교육 - 유아및초·중등교육,"폐교,재산,교육청"
15061677,교육청,경상북도교육청 경상북도영천교육지원청,경상북도교육청 경상북도영천교육지원청_학원 교습소 현황,"경상북도영천교육지원청 내 학원 및 교습소 현황에 대한 데이터로 학원명, 주소, 설립운영자 등의 항목을 제공합니다.",2236,교육 - 유아및초·중등교육,"학원,교습소,교육청"
3069333,교육청,경상북도교육청 경상북도예천교육지원청,경상북도교육청 경상북도예천교육지원청_폐교재산 정보,"경상북도예천교육지원청에서 보유하고 있는 폐교 재산에 대한 임대 및 매각 관련 정보로 번호,학교명,폐교연도,소재지,토지면적,건물면적,활용구분,비고로 구성됨",2427,교육 - 유아및초·중등교육,"폐교,교육청,폐교임대"
3069334,교육청,경상북도교육청 경상북도예천교육지원청,경상북도교육청 경상북도예천교육지원청_학원 교습소 현황,"경상북도 예천군 관내 학원 및 교습소 현황, 인가 정보로 구분, 순번, 학원명, 주소, 전화번호 구성됨(경상북도예천교육지원청 관리)",2524,교육 - 유아및초·중등교육,"교육예산,학교회계,교육비특별회계"
3071000,교육청,경상북도교육청 경상북도울릉교육지원청,경상북도교육청 경상북도울릉교육지원청_학원및교습소현황_20200623,경상북도교육청_경상북도울릉교육지원청 관내 학원 및 교습소 현황,2509,교육 - 유아및초·중등교육,"교육예산,경북,영어"
3069581,교육청,경상북도교육청 경상북도울진교육지원청,경상북도교육청 경상북도울진교육지원청_학원 및 교습소 현황,"울진교육지원청의  관내 학원 및 교습소 현황 데이터이며,  학원명, 학원종류,  분야구분, 학원주소, 우편번호, 등록일, 등록상태, 설립자-성명, 전화번호, 교습계열, 교습과정, 강사수 등의 항목이 있습니다.",2906,교육 - 유아및초·중등교육,"교육,공부방,학습"
15053327,교육청,경상북도교육청 경상북도울진교육지원청,경상북도교육청 경상북도울진교육지원청_울진폐교현황,"울진교육지원청의 폐교 현황에 데이터이며, 학교명, 폐교연도, 소재지, 토지면적, 건물면적활용여부, 추진계획 등의 항목을 제공합니다.",2721,교육 - 유아및초·중등교육,"폐교,폐교활용,폐교임대"
15053889,교육청,경상북도교육청 경상북도의성교육지원청,경상북도교육청 경상북도의성교육지원청_교습소 현황,"경상북도의성교육지원청에서 관리하는 2020년 6월 26일자 기준 교습소 현황(교습소이름, 주소, 전화번호)",2299,교육 - 유아및초·중등교육,"교육,학원,교습소"
15053890,교육청,경상북도교육청 경상북도의성교육지원청,경상북도교육청 경상북도의성교육지원청_학원 현황,"2020년 6월26일 기준 학원 현황(학원명, 전화번호, 주소 등)",2250,교육 - 유아및초·중등교육,"교육,학원,교습소"
3072175,교육청,경상북도교육청 경상북도의성교육지원청,경상북도교육청 경상북도의성교육지원청_폐교재산 정보,경상북도의성교육지원청에서 보유하고 있는 폐교 재산에 대한 임대 및 매각 관련 정보,2277,교육 - 유아및초·중등교육,교육@폐교@임대 및 매각
3069677,교육청,경상북도교육청 경상북도청송교육지원청,경상북도교육청 경상북도청송교육지원청_폐지학교 현황,"청송교육지원청에서 보유하고 있는 폐교 재산(소재지, 학교명, 설립년도, 폐교년도, 활용현황, 주소 등)에 대한 임대 및 매각 관련 정보에 대한 데이터를 32건 제공합니다.",2384,교육 - 유아및초·중등교육,"폐교,교육청,폐교임대"
3069365,교육청,경상북도교육청 경상북도청송교육지원청,경상북도교육청 경상북도청송교육지원청_학원 및 교습소 현황,"청송교육지원청 내 학원 및 교습소 현황, 전화번호, 교습계열, 교습과정, 정원 정보 등에 대한 정보를 13건 제공합니다.",2163,교육 - 유아및초·중등교육,"교육예산,학교회계,교육비특별회계"
3070821,교육청,경상북도교육청 경상북도칠곡교육지원청,경상북도교육청 경상북도칠곡교육지원청_학원교습소현황,칠곡교육지원청내 학원 및 교습소 현황에 대하여 공공데이터 목록등록관리 시스템에 공개하는 데이터로 학원별 분야구분과 학원주소 및 전화번호의 목록입니다.,2418,교육 - 유아및초·중등교육,"교육청,학원,교습소"
3070811,교육청,경상북도교육청 경상북도칠곡교육지원청,경상북도교육청 경상북도칠곡교육지원청_폐교재산 정보,"칠곡교육지원청에서 보유하고 있는 폐교 재산에 대한 임대 및 매각 관련 정보이며 폐교명,폐교연도,소재지,활용유형,지역명,규모, 대부현황유형, 대부현황세부내역 대부현황대부료 등을 포함합니다.",2507,교육 - 유아및초·중등교육,"폐교,교육청,폐교임대"
15112997,교육청,광주광역시교육청,광주광역시교육청_위클래스 설치율,광주광역시교육청 관내 학교 2023년 5월 23일자 기준 <br/><br/>위(Wee)클래스 설치율 현황입니다.<br/><br/>미설치 학교에 대해서는 추가로 더 설치 할 예정입니다.,156,교육 - 유아및초·중등교육,"위클래스구축학교,위클래스구축비율,Wee class"
3036278,교육청,광주광역시교육청,광주광역시교육청_학교찾기,"광주광역시교육청 소재 학교명, 주소, 전화번호, 학교홈페이지 링크 제공",4356,교육 - 유아및초·중등교육,광주@학교@주소
15113286,교육청,대구광역시교육청,대구광역시교육청_Wee클래스 설치율 현황,"대구광역시교육청 관내 학교 Wee클래스 설치율 현황에 대한 데이터로 대상 학교 수, Wee클래스 설치 학교 수, Wee클래스 설치율 항목을 제공합니다.",395,교육 - 유아및초·중등교육,"Wee클래스 설치 학교 수,Wee클래스,위클래스"
15045143,교육청,대구광역시교육청 대구광역시달성교육지원청,대구광역시교육청 대구광역시달성교육지원청_교습소 현황,"대구광역시달성교육지원청 관내 운영중인 교습소 현황으로 교습소명, 교습자 성명, 교습소 주소 자료를 제공합니다.",2654,교육 - 유아및초·중등교육,"교습소,교습자,현황"
15045144,교육청,대구광역시교육청 대구광역시달성교육지원청,대구광역시교육청 대구광역시달성교육지원청_학원 현황,"대구광역시달성교육지원청 관내 운영중인 학원 현황으로 학원 명칭, 설립자 성명, 학원 주소 자료를 공공데이터로 제공합니다.",2735,교육 - 유아및초·중등교육,"학원,설립자,현황"
15023883,교육청,대구광역시교육청 대구광역시달성교육지원청,대구광역시교육청 대구광역시달성교육지원청_간행물 현황,"대구광역시달성교육지원청에서 발행되는 간행물 현황으로 간행물명, 발간일자, 간행물유형구분으로 제공됩니다.",2265,교육 - 유아및초·중등교육,"교육,교육지원청,간행물"
15006959,교육청,대구광역시교육청 대구광역시달성교육지원청,대구광역시교육청 대구광역시달성교육지원청_학교 교육통계 현황,"2023.4.1. 기준  대구광역시달성교육지원청 관내 유치원 및 학교 교육통계 일람표 현황으로 학급수, 원아수, 교직원수, 교실수,학교면적 등을 제공합니다.",3536,교육 - 유아및초·중등교육,"교육,통계,교육통계"
15007032,교육청,대구광역시교육청 대구광역시동부교육지원청,대구광역시교육청 대구광역시동부교육지원청_학교 현황,2023. 4.1. 기준 대구광역시동부교육지원청 관내 초중등학교 현황에 관한 데이터로  학교명 및 주소에 관한 데이터를 제공합니다.,4022,교육 - 유아및초·중등교육,"학교명,기존주소,도로명주소"
15005177,교육청,대구광역시교육청 대구광역시서부교육지원청,대구광역시교육청 대구광역시서부교육지원청_학원 및 교습소 현황,"대구광역시 서부교육지원청 학원, 교습소에 대한 데이터를 제공 <br/>데이터 내용(학원명, 설립자, 전화번호, 교습비 등)",4356,교육 - 유아및초·중등교육,"학원,교습소,서부교육"
15005166,교육청,대구광역시교육청 대구광역시서부교육지원청,대구광역시교육청 대구광역시서부교육지원청_학교 현황,"대구광역시서부교육지원청 관내 유,초,중 학교 현황(2023.4.1.기준)에 대한 데이터로 도로명 주소, 연락처, 홈페이지 주소 등을 제공합니다.",5004,교육 - 유아및초·중등교육,"초등학교,중학교,유치원"
15125311,교육청,대구광역시교육청 대구미래교육연구원,대구광역시교육청 대구미래교육연구원_교수학습지원부,"2023년 에듀나비교육포털(대구교육아카이브)에서 제공 중인 초중고 교수학습자료(영상) 정보(제목, 등록일시  등)",163,교육 - 유아및초·중등교육,"아카이브,교수학습,초중고"
15037438,교육청,대구광역시교육청 대구미래교육연구원,대구광역시교육청 대구미래교육연구원_교수학습자료(영상) 목록,"2022년 에듀나비교육포털에서 제공 중인 초중고 교수학습자료(영상) 정보(제목,url, 재생시간, 키워드 등)",2263,교육 - 유아및초·중등교육,"에듀나비교육포털,교수학습,초중고"
15112950,교육청,대전광역시교육청,대전광역시교육청_직업계고학과정보,"대전광역시교육청 관내 특성화고등학교,마이스터고등학교의 2023학년도신입생 기준 학과 및 학급 수 데이터를 제공함.",1337,교육 - 유아및초·중등교육,"특성화고,마이스터고,학과"
15013455,교육청,대전광역시교육청,대전광역시교육청_대전교육통계연보,"대전광역시교육청의 연도별 학교개황, 교직원현황, 학생수, 학급수 정보를  객관적이고 정확한 수집 및 제공으로 유용한 교육정책 수립등 교육발전에 도모",5115,교육 - 유아및초·중등교육,"대전교육통계,교육통계연보,교육통계"
3033340,교육청,대전광역시교육청,대전광역시교육청_대전학교정보,"대전광역시교육청 관내 유치원, 초·중·고의 학교 정보로 학교명, 주소, 우편번호, 전화번호, 관할교육청 등의 데이터입니다. <br/>",5837,교육 - 유아및초·중등교육,"대전 학교,대전 관내 학교,학교정보"
15076784,교육청,대전광역시교육청,대전광역시교육청_기초기본교육,핵심역량을 기르는 기초기본교육 교수학습자료로서 학생 교육활동에 활용할 수 있습니다.,2496,교육 - 유아및초·중등교육,"기초,기본,초등"
3068229,교육청,대전광역시교육청,대전광역시교육청_학교법인현황,"대전광역시 관내 사립학교 법인명, 설립자, 설립일, 이사장, 설치학교명, 정관, 예결산서, 임원현황, 이사회회의록",3202,교육 - 유아및초·중등교육,"학교법인,사립학교,대전사립학교"
3045476,교육청,부산광역시교육청 부산광역시남부교육지원청,부산광역시교육청 부산광역시남부교육지원청_관내학교 DB,"부산광역시남부교육지원청 관내 학교에 대한 학교명, 공사립구분, 전화번호, 홈페이지URL, 주소 등의 항목을 제공합니다.",2728,교육 - 유아및초·중등교육,"유치원,초등학교,중학교"
3038462,교육청,부산광역시교육청 부산광역시동래교육지원청,부산광역시교육청 부산광역시동래교육지원청_관내학교 DB,"유치원, 초등학교, 중학교의 주소 및 연락처, 홈페이지 주소, 공사립 여부 등의 정보를 제공하며, 매년 업데이트 됩니다.",2827,교육 - 유아및초·중등교육,"학교 정보,초등학교,중학교"
15059936,교육청,부산광역시교육청 부산광역시북부교육지원청,부산광역시교육청 부산광역시북부교육지원청_관내학교DB,"부산광역시북부교육지원청 관내 공·사립 유치원, 초등학교, 중학교의 명부로  연번, 구분(유치원, 초등학교, 중학교), 학교명, 설립별(공립, 사립), 전화, 우편번호, 주소로 구성되어 있습니다.",2461,교육 - 유아및초·중등교육,"초등학교,중학교,부산광역시북부교육지원청"
3037268,교육청,부산광역시교육청 부산광역시해운대교육지원청,부산광역시교육청 부산광역시해운대교육지원청_관내학교 DB,"부산광역시해운대교육지원청  관내 유, 초, 중학교에 대한 데이터로 기관명, 구분(공립, 사립), 주소, 전화번호, 홈페이지 정보를 제공합니다.",2880,교육 - 유아및초·중등교육,"유치원,초등학교,중학교"
15098649,교육청,서울특별시교육청,서울특별시교육청_서울 초등학교 도서관 대출정보,"2021년 서울특별시 관내 초등학교 도서관 대출정보(학교, 학년, 도서명, 대출일자)를 제공합니다. 학년이 0 인 경우는 교사입니다.",1508,교육 - 유아및초·중등교육,"서울,초등학교 도서관,대출정보"
3080606,교육청,서울특별시교육청,서울특별시교육청_장학재단정보,서울시 장학재단 일반 현황,2922,교육 - 유아및초·중등교육,장학@재단@법인
3070120,교육청,서울특별시교육청,서울특별시교육청_교육복지협력기관 현황,지역기반형 교육복지 협력사업 기관 및 지역교육복지센터 현황,2897,교육 - 유아및초·중등교육,서울@교육@복지
3078512,교육청,서울특별시교육청,서울특별시교육청_민간개방 학교시설물현황,학교시설물을 유무선으로 예약하여 사용 허가를 받을 수 있는 시설물 정보 제공,4127,교육 - 유아및초·중등교육,서울@학교@운동장
15053609,교육청,서울특별시교육청 서울특별시강남서초교육지원청,서울특별시교육청 서울특별시강남서초교육지원청_관내교육기관현황 학원,"서울특별시강남서초교육지원청에서 관리하는 학원 현황(학원명,학원종류,교습과정,학원주소,전화번호)",3409,교육 - 유아및초·중등교육,강남교육지원청@학교@평생교육
15053608,교육청,서울특별시교육청 서울특별시강남서초교육지원청,서울특별시교육청 서울특별시강남서초교육지원청_관내교육기관현황 평생교육시설,"서울특별시강남서초교육지원청에서 관리하는 평생교육시설(시설구분,시설명칭,시설전화번호)",2950,교육 - 유아및초·중등교육,강남교육지원청@학교@평생교육
15053495,교육청,서울특별시교육청 서울특별시강동송파교육지원청,서울특별시교육청 서울특별시강동송파교육지원청_평생교육시설정보,"강동송파교육지원청 관내(강동구, 송파구) 평생교육시설 목록 정보로 시설구분명, 시설명, 소재지도로명주소, 전화번호, 시설등록일자를 제공합니다.",2997,교육 - 유아및초·중등교육,"강동송파교육,학교,평생교육"
15053494,교육청,서울특별시교육청 서울특별시강동송파교육지원청,서울특별시교육청 서울특별시강동송파교육지원청_관내 학교 정보,"2020년 강동송파교육지원청 관내(강동구, 송파구) 학교 목록 제공",2966,교육 - 유아및초·중등교육,"강동송파교육,학교,유치원"
15060344,교육청,서울특별시교육청 서울특별시강동송파교육지원청,서울특별시교육청 서울특별시강동송파교육지원청_2014~2016년 유치원 정보공시데이터(고덕유치원 수업일수현황 및 방과후운영 현황),고덕유치원이 2014년~2016년 기간동안 종일수업 및 방과후과정을 운영하고 있음을 증빙할 수 있는 정보공시 현황정보,1803,교육 - 유아및초·중등교육,"정보공시,방과후학교,고덕유치원"
15053606,교육청,서울특별시교육청 서울특별시강서양천교육지원청,서울특별시교육청 서울특별시강서양천교육지원청_관내 평생교육 시설 현황,"서울특별시강서양천교육지원청 평생 직업 교육 학원 및 평생교육 시설(지역-구, 학원-기관구분,기관(학원)명칭, 전화번호, 주소)",2801,교육 - 유아및초·중등교육,"강서양천교육지원청,평생교육시설,평생직업교육학원"
15053607,교육청,서울특별시교육청 서울특별시강서양천교육지원청,서울특별시교육청 서울특별시강서양천교육지원청_초중학교 현황,"서울특별시강서양천교육지원청 관내 초중학교 설립구분, 지역(구), 초중학교구분,학교명, 주소, 교무실전화번호, 행정실 전화번호",2757,교육 - 유아및초·중등교육,"강서양천교육지원청,학교,초중학교"
15053612,교육청,서울특별시교육청 서울특별시남부교육지원청,서울특별시교육청 서울특별시남부교육지원청_관내학교정보,"2022년 서울특별시남부교육지원청 관내(구로구,금천구,영등포구) 학교 목록(학교구분, 학교명, 주소지 등) 제공",3065,교육 - 유아및초·중등교육,"남부교육,학교,유초중고"
15053613,교육청,서울특별시교육청 서울특별시남부교육지원청,서울특별시교육청 서울특별시남부교육지원청_2017년 5월 서울특별시남부교육지원청 관내 평생교육시설 정보,"2017년 5월 서울특별시남부교육지원청 관내(구로구,금천구,영등포구) 평생교육시설 정보(명칭,주소,전화번호 등) 제공",2488,교육 - 유아및초·중등교육,남부교육@학교@평생교육
15053611,교육청,서울특별시교육청 서울특별시동부교육지원청,서울특별시교육청 서울특별시동부교육지원청_관내 평생교육시설 정보,"동부교육지원청 관내 평생교육시설 정보(등록번호, 시설구분, 시설명칭, 위치, 전화번호, 교습과정, 설립자명 등)",2586,교육 - 유아및초·중등교육,"동부,학교,평생교육"
15113000,교육청,서울특별시교육청 서울특별시동부교육지원청,서울특별시교육청 서울특별시동부교육지원청_관내 학교 정보,"2023년 서울특별시동부교육지원청 학교 정보에 대한 데이터로 설립구분, 학제구분, 학교명, 주소, 연락처를 제공합니다.",177,교육 - 유아및초·중등교육,"동대문구,중랑구,교육기관"
15053610,교육청,서울특별시교육청 서울특별시동부교육지원청,서울특별시교육청 서울특별시동부교육지원청_관내 학교 정보,"2022년 서울특별시동부교육지원청 관내(동대문구, 중랑구) 학교 정보(설립구분, 학제구분, 학교명, 주소, 전화번호) 파일입니다",2899,교육 - 유아및초·중등교육,"중랑구,동대문구,학교"
15100679,교육청,서울특별시교육청 서울특별시북부교육지원청,서울특별시교육청 서울특별시북부교육지원청_평생교육시설 현황,"서울특별시북부교육지원청 관내(노원구, 도봉구)의 학교·평생교육시설 현황 정보(학교명, 주소, 전화번호 등) 제공",574,교육 - 유아및초·중등교육,"북부,평생교육,노원"
3071232,교육청,서울특별시교육청 서울특별시북부교육지원청,서울특별시교육청 서울특별시북부교육지원청_관내학교 현황,"서울특별시북부교육지원청 관내(노원구, 도봉구)의 학교·평생교육시설 현황 정보(학교명, 주소, 전화번호 등) 제공",2779,교육 - 유아및초·중등교육,"북부,학교,노원"
15053602,교육청,서울특별시교육청 서울특별시서부교육지원청,서울특별시교육청 서울특별시서부교육지원청_서대문구 마포구 은평구 평생교육시설 현황,"- 서울특별시서부교육지원청 관내(서대문구, 마포구, 은평구) 평생교육시설 현황<br/>- 구분, 시설명칭, 주소, 전화번호",4829,교육 - 유아및초·중등교육,"평생교육시설,학원,학교"
15053603,교육청,서울특별시교육청 서울특별시서부교육지원청,서울특별시교육청 서울특별시서부교육지원청_관내 학교현황 정보,"1. 서울특별시서부교육지원청 관내(서대문구, 마포구, 은평구) 유치원, 초등학교, 중학교, 고등학교 현황<br/>2. 학교의 행정구역, 학제, 학교명, 설립유형, 주소, 연락처",3612,교육 - 유아및초·중등교육,"학교,초등학교,중학교"
15053918,교육청,서울특별시교육청 서울특별시성동광진교육지원청,서울특별시교육청 서울특별시성동광진교육지원청_관내 교습소 및 학원 정보,"서울특별시성동광진교육지원청 관내(성동구, 광진구) 교습소 및 학원에 대한 데이터로 학원 및 교습소명, 전화번호, 위치, 분야등을 제공합니다.",2630,교육 - 유아및초·중등교육,"성동광진교육,교습소,학원"
15053919,교육청,서울특별시교육청 서울특별시성동광진교육지원청,서울특별시교육청 서울특별시성동광진교육지원청_관내 평생교육시설 정보,"서울특별시성동광진교육지원청 관내 평생교육시설 목록 제공(등록번호, 시설구분, 시설명칭, 설립자명, 위치, 전화번호)",2636,교육 - 유아및초·중등교육,"성동광진교육,평생교육시설,평생교육"
15053920,교육청,서울특별시교육청 서울특별시성동광진교육지원청,서울특별시교육청 서울특별시성동광진교육지원청_관내 고등학교 정보,"서울특별시성동광진교육지원청 관내(성동구, 광진구) 고등학교의 설립, 행정구, 전화번호, 도로명주소등의  목록 제공",2671,교육 - 유아및초·중등교육,"성동광진교육,고등학교,학교현황"
15053921,교육청,서울특별시교육청 서울특별시성동광진교육지원청,서울특별시교육청 서울특별시성동광진교육지원청_관내 유치원 정보,"서울특별시성동광진교육지원청 관내(성동구, 광진구) 유치원 의  학교명, 설립, 행정구, 전화번호, 도로명주소를 제공",2559,교육 - 유아및초·중등교육,"성동광진,유치원,유치원현황"
15053922,교육청,서울특별시교육청 서울특별시성동광진교육지원청,서울특별시교육청 서울특별시성동광진교육지원청_관내 초등학교 정보,"서울특별시성동광진교육지원청 관내(성동구, 광진구) 초등학교의 설립, 행정구, 전화번호, 도로명주소의  목록 제공",2716,교육 - 유아및초·중등교육,"성동광진교육,초등학교,학교현황"
15053917,교육청,서울특별시교육청 서울특별시성동광진교육지원청,서울특별시교육청 서울특별시성동광진교육지원청_관내 중학교 정보,"서울특별시성동광진교육지원청 관내(성동구, 광진구) 중학교의 설립, 행정구, 전화번호, 도로명주소등의  목록 제공",2553,교육 - 유아및초·중등교육,"성동광진교육,중학교,학교현황"
15053644,교육청,서울특별시교육청 서울특별시중부교육지원청,서울특별시교육청 서울특별시중부교육지원청_관내(종로구 용산구 중구) 학교 목록 및 상세 정보,"2023년 서울특별시 중부교육지원청 관내(종로구, 용산구, 중구) 학교 목록 및 주소와 전화번호 등의 정보를 제공하고자 합니다.",3300,교육 - 유아및초·중등교육,"학교,학교주소,학교전화번호"
15053643,교육청,서울특별시교육청 서울특별시중부교육지원청,서울특별시교육청 서울특별시중부교육지원청_관내(종로구 용산구 중구)평생교육시설목록,"2023년 서울특별시중부교육지원청 관내(종로구, 용산구, 중구) 평생교육시설 목록 및 상세 정보를 제공하고자 합니다.",2781,교육 - 유아및초·중등교육,"평생교육,평생교육시설,교육시설 전화번호"
15107984,교육청,세종특별자치시교육청,세종특별자치시교육청_고등학교현황,"세종특별자치시 관내 고등학교에 관한 데이터로 학교명, 지역, 학교 전화번호, 학교 팩스번호, 주소, 홈페이지 주소 등의 항목을 제공합니다.",626,교육 - 유아및초·중등교육,"세종특별자치시,교육청,고등학교"
15050939,교육청,세종특별자치시교육청,세종특별자치시교육청_세종시 학교급별 학교현황(년도별),"세종시 관내 유치원, 초등학교, 중학교, 고등학교, 특수학교의 기관명, 전화번호, 주소, 학교 현황, URL 링크데이터 안내",4305,교육 - 유아및초·중등교육,"세종시 학교,전화번호,주소 등"
15050938,교육청,세종특별자치시교육청,세종특별자치시교육청_세종시 관내 학교급별 현황 안내,"세종특별자치시교육청 관내 학교급별 현황 데이터로 2022년 9월 1일 기준으로 각 학교별 구분, 기관명, 전화번호, 팩스번호, 주소, 홈페이지를 제공하고 있습니다.",3305,교육 - 유아및초·중등교육,"세종시 학교,현황,세종교육"
3037605,교육청,전라남도교육청,전라남도교육청_관내학교 현황,"전라남도교육청 소속 각급학교(유.초.중.고.특)의 현황 및 정보(주소, 전화번호, FAX, 홈페이지주소)를 국민에게 제공하는 서비스",3877,교육 - 유아및초·중등교육,"전남학교,학교현황,학교정보"
15047215,교육청,전라남도교육청 전라남도여수교육지원청,전라남도교육청 전라남도여수교육지원청_2017년 11월 1일자 전라남도여수교육지원청 관내학교 위치도,"전라남도여수교육지원청 관내 초등학교, 중학교, 고등학교 위치 안내",2033,교육 - 유아및초·중등교육,여수@학교@전화번호
15047216,교육청,전라남도교육청 전라남도여수교육지원청,전라남도교육청 전라남도여수교육지원청_2017년 11월 1일자 전라남도여수교육지원청 관내 학교 일반현황,"전라남도여수교육지원청 관내 유치원, 초등학교, 중학교, 고등학교 일반현황 안내",2480,교육 - 유아및초·중등교육,여수@학교@전화번호
15041067,교육청,전라북도교육청 전라북도전주교육지원청,전라북도교육청_전라북도전주교육지원청_전주시 초등학교 현황,"2023학년도 전주시 관내 초등학교 현황에 대한 데이터로 75개 학교명, 학교주소, 학급수, 학생수 자료를 제공합니다.",3166,교육 - 유아및초·중등교육,"전주시 초등학교,학교주소,학생수"
3071350,교육청,제주특별자치도교육청,제주특별자치도교육청_학사일정현황,"제주특별자치도교육청 소속 학교의 기본현황(학급수, 학생수, 교원수 등), 수업일수,  입학식/졸업식, 방학 일정 등 안내",2447,교육 - 유아및초·중등교육,"입학식,졸업식,방학"
3038478,교육청,충청남도교육청,충청남도교육청_충남학교현황,교육관련기관의정보공개에관한특례법에의거충청남도도내학교현황으로학교구분행정구역학교명연면적학생수학급수학교주소전화번호팩스번호순으로연번데이터를제공하고자합니다,3673,교육 - 유아및초·중등교육,"기계설비법,연면적,전체"
3075064,교육청,충청남도교육청 충청남도공주교육지원청,충청남도교육청 충청남도공주교육지원청_교습소 정보,충남공주교육지원청 학원 및 교습소 현황,2638,교육 - 유아및초·중등교육,학원@교습소@공주시 학원
15038403,교육청,충청남도교육청 충청남도공주교육지원청,충청남도교육청 충청남도공주교육지원청_학원 정보,"충청남도 공주시 내 학원 현황으로 학원명, 소재지, 전화번호 등의 정보를 제공합니다.",2257,교육 - 유아및초·중등교육,학원@교육@학생
3041923,교육청,충청남도교육청 충청남도논산계룡교육지원청,충청남도교육청 충청남도논산계룡교육지원청_학교 현황,"논산계룡지역 학교 주소, 연락처, 분포도",2679,교육 - 유아및초·중등교육,"학교현황@초,중,고등학교 현황@학교 위치"
3040542,교육청,충청남도교육청 충청남도당진교육지원청,충청남도교육청 충청남도당진교육지원청_통학구역 현황 정보,통학구역 현황 정보,2317,교육 - 유아및초·중등교육,통학구역@초등학교@중학교
3075033,교육청,충청남도교육청 충청남도부여교육지원청,충청남도교육청 충청남도부여교육지원청_학교현황,"부여지역 초,중,고 학교 현황",2049,교육 - 유아및초·중등교육,부여교육지원청@부여학교현황@부여초중등학교현황
3074991,교육청,충청남도교육청 충청남도태안교육지원청,충청남도교육청 충청남도태안교육지원청_학교현황,"태안 초,중 현황",2580,교육 - 유아및초·중등교육,"학교현황@태안초,중 현황@태안 학교 현황"
3072303,교육청,충청북도교육청,충청북도교육청_학교 통학차량 운영 현황,"충청북도교육청 소속 유치원, 초등학교, 중학교의  통학차량 운영 현황입니다. 직영, 임차, 택시 등으로 구분되어 있습니다.",2286,교육 - 유아및초·중등교육,"교육복지,통학차량,이용학생"
15090346,소속단체,국가평생교육진흥원,국가평생교육진흥원_다문화교육포털 사적교육기관목록,"전국 다문화교육 관련 사적기관(다문화교육 정책학교(유치원 포함))에 대한 기관명, 기관분류, 연락처, 주소 등에 대한 데이터 입니다.",971,교육 - 유아및초·중등교육,"다문화교육,다문화교육 사업,다문화학생 지원 기관"
15090355,소속단체,국가평생교육진흥원,국가평생교육진흥원_다문화교육포털 자료유형 목록,중앙다문화교육센터에서 다문화교육포털을 통해 제공하고 있는 다문화교육 관련 교육자료에 대한 자료 유형 정보(분류 체계) 입니다.,954,교육 - 유아및초·중등교육,"다문화교육,다문화교육자료,자료유형"
15090344,소속단체,국가평생교육진흥원,국가평생교육진흥원_다문화교육포털 공적교육기관목록,"전국 다문화교육 관련 공적기관(교육청, 다문화교육 정책학교(유치원 포함) 등)에 대한 기관명, 분류, 연락처, 주소 등에 대한 데이터 입니다.",888,교육 - 유아및초·중등교육,"다문화교육,다문화교육 사업 운영,다문화학생 맞춤형 지원"
15090348,소속단체,국가평생교육진흥원,국가평생교육진흥원_다문화교육포털 공통코드,"다문화교육포털에서 사용되는 공통코드에 대한 정보이며, 검색 조건이나 검색 결과에 필요한 각종 코드에 대한 데이터 입니다.",847,교육 - 유아및초·중등교육,"다문화교육,다문화교육포털,공통코드"
15090351,소속단체,국가평생교육진흥원,국가평생교육진흥원_다문화교육포털 교육법률관련목록,"다문화교육포털에서 제공하고 있는 각종 다문화교육법률(국제협약, 법률 및 조례, 내부규정 등)에 대한 목록 및 파일에 대한 정보입니다.",781,교육 - 유아및초·중등교육,"다문화교육,다문화교육법률,교육법률"
15090353,소속단체,국가평생교육진흥원,국가평생교육진흥원_다문화교육포털 교육자료목록,"중앙다문화교육센터에서 다문화교육포털을 통해 제공하고 있는 각종 다문화교육 관련 교육자료에 대한 파일유형, 업로드 링크 관련 정보 입니다.",873,교육 - 유아및초·중등교육,"다문화교육,다문화교육자료,교육자료"
15090357,소속단체,국가평생교육진흥원,국가평생교육진흥원_다문화교육포털 자료테마 목록,중앙다문화교육센터에서 다문화교육포털을 통해 제공하는 다문화교육 관련 교육자료에 대한 테마 정보(분류 등)입니다.,796,교육 - 유아및초·중등교육,"다문화교육,다문화교육자료,교육자료테마"
15090342,소속단체,국가평생교육진흥원,국가평생교육진흥원_다문화교육포털 검색어 빈도 집계,"다문화교육포털 내 탑재된 자료들에 대한 검색어 빈도 집계이며, 해당 정보는 접속자의 검색 키워드 대비 빈도를 제공합니다.",762,교육 - 유아및초·중등교육,"다문화교육,다문화,검색어"
15123647,소속단체,한국교육학술정보원,한국교육학술정보원_도란도란 홈페이지 게시글 정보,"학교폭력예방교육 사이트 ""도란도란""에 등록되어 있는 게시판 내용 정보를 나타내는 데이터입니다. 학교급별, 지역별 게시글을 확인할 수 있습니다.",46,교육 - 유아및초·중등교육,"도란도란,학교폭력예방교육,사이버폭력"
15123656,소속단체,한국교육학술정보원,한국교육학술정보원_도란도란 콘텐츠 추천 정보,"도란도란 홈페이지에서 학교폭력예방교육과 관련해 콘텐츠 추천에 대한 정보를 제공하고 있습니다. 추천일자, 해당 콘텐츠 URL 정보가 해당됩니다.",39,교육 - 유아및초·중등교육,"도란도란,콘텐츠 추천,학교폭력예방교육"
15123572,소속단체,한국교육학술정보원,한국교육학술정보원_초중등학교 학교정보,"전국 초중등학교를 대상으로 학교코드, 학교명, 설립년도, 남녀공항구분 등 학교정보에 대한 데이터를 제공하고 있습니다.",118,교육 - 유아및초·중등교육,"학교정보,초중등학교,교육정보통계"
15123580,소속단체,한국교육학술정보원,한국교육학술정보원_외국인학교 기본현황,"전국 외국인학교에 대한 학교코드, 인가일자, 학급 수, 학생 수, 교직원 수, 교원 수 등 관련 데이터를 제공하고 있습니다.",127,교육 - 유아및초·중등교육,"학교정보,외국인학교,교육정보"
15014351,소속단체,한국교육학술정보원,한국교육학술정보원_학교알리미 공개용데이터,"학교알리미 공개용데이터는 ""학사, 학생"", ""재정, 시설, 설비"", ""보건, 복지"" 3가지로 구분하여 희망하는 데이터의 ""공시년도"", '학교급"", ""교육청""을 선택하여 파일데이터로 다운로드 받을 수 있습니다.<br/>[(예시) 2022년도 경기도 소재 고등학교 학생들의 성별 학생수 데이터가 필요한 경우에는 다음과 같이 검색해주시면 됩니다. (""학사,학생"" →""성별 학생수""→ ""2022년"", ""고등학교"", ""경기도교육청"" 선택)]<br/>추가적으로 연도별, 항목별로 자료 기준일과 공시시기가 상이하므로 세부내용은 ""학교알리미 홈페이지"" → ""알리미 소식"" → ""자료실"" → ""연도별 정보공시 입력지침서""를 확인 바랍니다.",17625,교육 - 유아및초·중등교육,"학교정보공시,학교알리미,초중등학교"
15113290,소속단체,한국교육학술정보원,한국교육학술정보원_학교알리미_항목별 공시정보,"항목별 공시정보는 연도별 학교현황, 교원활동, 교육활동, 교육여건, 예결산현황, 학업성취사항 등 학교알리미에서 제공하는 정보를 항목별로 확인할 수 있습니다.",431,교육 - 유아및초·중등교육,"학교현황,입학생 현황,성별 학생수"
15002118,소속단체,한국교육학술정보원,한국교육학술정보원_급식식단정보,"17개 시도교육청 관할 학교에서 제공하는 급식의 요리명, 원산지정보, 칼로리정보, 영양정보 등의 일자별 현황입니다.",846,교육 - 유아및초·중등교육,"급식,학교급식,급식식단"
15066495,소속단체,한국교육학술정보원,한국교육학술정보원_학교온 온라인 학습 콘텐츠 현황(시도교육청 자료),"온라인 학습 통합 지원 사이트 ""학교온(On)""에서 제공되는 온라인 학습 콘텐츠 현황(시도교육청자료) 데이터입니다. 본 데이터는 ""제목, 내용, 출처"" 등 내용을 포함하고 있습니다.",2005,교육 - 유아및초·중등교육,"온라인학습,교육,학교온"
15098092,소속단체,한국교육학술정보원,한국교육학술정보원_학교알리미 공시정보,"2008년부터 초·중등학교 정보공시제를기반으로 하여 교육관련기관의 정보공개에 관한 특례법에서 정한 공시 기준에 따라 매년 1회 이상 학교알리미에 공시하고 있으며, 학생·교원현황·시설·학교폭력발생현황·위생·교육여건·재정상황·급식상황·학업성취 등과 같은 학교의 주요 정보들을 쉽게 확인하실 수 있습니다.",2731,교육 - 유아및초·중등교육,"학교알리미,초중등학교정보공시,초중등학교"
15067105,소속단체,한국교육학술정보원,한국교육학술정보원_교과주제별 학습자료(과학),에듀넷·티-클리어에서 제공되고 있는 교과주제별 학습자료입니다. 교과주제별 학습자료는 교과과정 별 흥미로운 주제 별로 구성되어 있으며 다양한 멀티미디어와 함께 제공됩니다.,2214,교육 - 유아및초·중등교육,"에듀넷,학습자료,과학"
15067108,소속단체,한국교육학술정보원,한국교육학술정보원_교과주제별 학습자료(기술가정실과),에듀넷·티-클리어에서 제공되고 있는 교과주제별 학습자료입니다. 교과주제별 학습자료는 교과과정 별 흥미로운 주제 별로 구성되어 있으며 다양한 멀티미디어와 함께 제공됩니다.,1831,교육 - 유아및초·중등교육,"에듀넷,학습자료,기술가정실과"
15067110,소속단체,한국교육학술정보원,한국교육학술정보원_교과주제별 학습자료(미술),에듀넷·티-클리어에서 제공되고 있는 교과주제별 학습자료입니다. 교과주제별 학습자료는 교과과정 별 흥미로운 주제 별로 구성되어 있으며 다양한 멀티미디어와 함께 제공됩니다.,2102,교육 - 유아및초·중등교육,"에듀넷,학습자료,미술"
15067117,소속단체,한국교육학술정보원,한국교육학술정보원_교과주제별 학습자료(사회),에듀넷·티-클리어에서 제공되고 있는 교과주제별 학습자료입니다. 교과주제별 학습자료는 교과과정 별 흥미로운 주제 별로 구성되어 있으며 다양한 멀티미디어와 함께 제공됩니다.,2739,교육 - 유아및초·중등교육,"에듀넷,학습자료,사회"
15067118,소속단체,한국교육학술정보원,한국교육학술정보원_교과주제별 학습자료(음악),에듀넷·티-클리어에서 제공되고 있는 교과주제별 학습자료입니다. 교과주제별 학습자료는 교과과정 별 흥미로운 주제 별로 구성되어 있으며 다양한 멀티미디어와 함께 제공됩니다.,2027,교육 - 유아및초·중등교육,"에듀넷,학습자료,음악"
15067121,소속단체,한국교육학술정보원,한국교육학술정보원_교과주제별 학습자료(체육),에듀넷·티-클리어에서 제공되고 있는 교과주제별 학습자료입니다. 교과주제별 학습자료는 교과과정 별 흥미로운 주제 별로 구성되어 있으며 다양한 멀티미디어와 함께 제공됩니다.,2641,교육 - 유아및초·중등교육,"에듀넷,학습자료,체육"
15106634,소속단체,한국교육학술정보원,한국교육학술정보원_시간표강의실정보,"본 데이터셋은 17개 시도의 교육청에 따른 학교의 시간표 강의실 정보를 open api로 제공합니다. 이는 각 시도의 교육청 코드를 기준으로 분류되어 있습니다. 이에 대한 데이터는 시도교육청명, 표준학교코드 학교명, 학년도, 학년, 학기, 학교과정명, 주야과정명, 계열명(일반계,공업계 등), 학과명(7차 일반), 강의실명, 수정일로 분류되어 호출됩니다. 이 데이터들은 포털에서 데이터셋을 검색할 수 있는 조건이 되며 이 중 하나 이상를 선택하여 입력하여 검색할 수 있습니다. 단, 시도교육청 코드는 반드시 입력해야 하는 필수값입니다.",1265,교육 - 유아및초·중등교육,"시간표강의실정보,강의실정보,시간표정보"
15020786,소속단체,한국교육학술정보원,한국교육학술정보원_유치원 공시정보,"전국 국/공/사립 유치원의 기본현황, 건물현황 등을 조회하는 공시정보 조회서비스",5953,교육 - 유아및초·중등교육,"유치원공시정보,유치원알리미,유치원"
15097531,소속단체,한국교육학술정보원,한국교육학술정보원_교원원격교육연수 과정정보,"교육부 인가 원격교육연수원, 중앙교육연수원, 17개 시도 교육청 운영  교원 원격연수 과정 정보를 제공하는 것으로 연수과정명, 연수 차시, 연수기관명 등을 제공함",1756,교육 - 유아및초·중등교육,"교원,원격,연수"
15090578,소속단체,한국교육학술정보원,한국교육학술정보원_학교별순세계잉여금,"학교별 순세계 잉여금 관련 데이터를 제공하고 있습니다. 회계년도, 층화추출학교ID, 시도명, 시군구명, 학교별순세계잉여금 등 관련 내용을 포함하고 있습니다.",679,교육 - 유아및초·중등교육,"학교회계,이자,수입"
15090580,소속단체,한국교육학술정보원,한국교육학술정보원_학교세입세출결산,"학교 세입, 세출 결산 관련 데이터를 제공하고 있습니다. 회계년도, 층화추출학교ID, 시도명, 시군구명,  세입세출결산 등 관련 내용을 포함하고 있습니다.<br/>",586,교육 - 유아및초·중등교육,"학교,세입,세출"
15043458,소속단체,한국교육학술정보원,한국교육학술정보원_학교온 온라인 학습 콘텐츠 현황(목록에서 찾기),"온라인 학습 통합 지원 사이트 ""학교온(On)""에서 제공되는 온라인 학습 콘텐츠 현황을 제공하고 있으며 상세 항목으로는 '학교급, 학년, 학과목, 출처, 링크'를 포함하고 있습니다.",2471,교육 - 유아및초·중등교육,"온라인학습,교육콘텐츠,학교온"
15090141,소속단체,한국교육학술정보원,한국교육학술정보원_지방교육재정알리미_신설예정학교,"지방교육재정알리미에서는 시·도 교육청별 신설예정인 학교에 대한 일반현황(개교예정년월, 학교급, 완성학급수, 주소 등)을 제공하고 있습니다.",914,교육 - 유아및초·중등교육,"지방교육재정,신설예정학교,교육청"
15090148,소속단체,한국교육학술정보원,한국교육학술정보원_지방교육재정알리미_폐교정보,"지방교육재정알리미에서는 시·도별 폐교정보(폐교연도, 해당 교육지원청, 급별, 건물연면적, 대지, 주소 등)를 제공하고 있습니다.",934,교육 - 유아및초·중등교육,"지방재정교육알리미,폐교정보,교육청"
15090153,소속단체,한국교육학술정보원,한국교육학술정보원_지방교육재정알리미_학교일반현황,"지방교육재정알리미에서는 학교일반현황 정보를 제공하고 있습니다. 설립구분, 학교급, 관할교육청, 주소 등 일반현황을 포함하며 예산, 결산 등 관련 정보를 제공하고 있습니다.",776,교육 - 유아및초·중등교육,"지방교육재정,학교정보,예산"
15090172,소속단체,한국교육학술정보원,한국교육학술정보원_지방교육재정알리미_일반교육통계,"지방교육재정알리미에서는 해당연도별 집계된 시·도교육청 학교급별 공·사립 학교 수, 학급 수, 학생 수 등 일반교육통계 정보를 제공하고 있습니다.",771,교육 - 유아및초·중등교육,"지방교육,시·도교육청,학교"
15090206,소속단체,한국교육학술정보원,한국교육학술정보원_지방교육재정알리미_예산공시,지방교육재정알리미는 국민들이 지방교육재정에 대해 쉽고 편리하고 파악할 수 있도록 관련 정보를 제공하고 있습니다. 예산공시 관련 자료를 제공합니다.,935,교육 - 유아및초·중등교육,"지방교육,재정,예산자료"
15090208,소속단체,한국교육학술정보원,한국교육학술정보원_지방교육재정알리미_결산공시,지방교육재정알리미는 국민들이 지방교육재정에 대해 쉽고 편리하고 파악할 수 있도록 관련 정보를 제공하고 있습니다. 결산공시 관련 자료를 제공합니다.,809,교육 - 유아및초·중등교육,"지방교육,재정,결산자료"
15090212,소속단체,한국교육학술정보원,한국교육학술정보원_학교알리미_학교별 공시정보,학교알리미는 초중등학교 정보공시제를 통한 교육의 투명성 제고 및 국민의 알 권리 보장을 위해 학교의 주요 정보들을 제공하고 있습니다. 학교별 공시정보를 제공합니다.,2268,교육 - 유아및초·중등교육,"교육부,정보공시,학교정보"
15090215,소속단체,한국교육학술정보원,한국교육학술정보원_학교알리미_지역별 공시정보,학교알리미는 초중등학교 정보공시제를 통한 교육의 투명성 제고 및 국민의 알 권리 보장을 위해 학교의 주요 정보들을 제공하고 있습니다. 지역별 공시정보를 제공합니다.<br/>,1325,교육 - 유아및초·중등교육,"정보공시,교육,지역정보"
15068997,소속단체,한국교육학술정보원,한국교육학술정보원_한국교육학술정보원_학교기본정보,"학교 기본정보에 대한 학교명, 소재지, 주소, 전화번호, 홈페이지주소, 남녀공학여부, 주야구분, 개교기념일 등을 확인할 수 있는 현황입니다.",2596,교육 - 유아및초·중등교육,"학교정보,KERIS,학교찾기"
15067224,소속단체,한국교육학술정보원,한국교육학술정보원_원격교육 경험 및 인식조사 설문지,2020년 KERIS에서 수행한 'COVID-19 대응 원격교육 실태 분석 및 질적 연구'를 위한 설문지,2886,교육 - 유아및초·중등교육,"원격교육,에듀테크,설문지"
15066734,소속단체,한국교육학술정보원,한국교육학술정보원_건강상태 자가진단 설문 내용(학생),건강상태 자가진단(교육부) 어플의 학생용 설문 내용,2520,교육 - 유아및초·중등교육,"건강상태 자가진단,설문,코로나19"
15066735,소속단체,한국교육학술정보원,한국교육학술정보원_건강상태 자가진단 설문 내용(교직원),건강상태 자가진단(교육부) 어플의 교직원용 설문 내용,1849,교육 - 유아및초·중등교육,"건강상태 자가진단,교육부,코로나19"
15066766,소속단체,한국교육학술정보원,한국교육학술정보원_초중등학교 디지털교육 전환 지표,2020년도 KERIS에서 수행한 이슈리포트를 통해 개발한 2020년도 초중등학교 디지털교육 전환 지표,2180,교육 - 유아및초·중등교육,"디지털전환,디지털교육,디지털교육 전환 지표"
15045292,소속단체,한국교육학술정보원,한국교육학술정보원_기초학력 진단-보정 시스템 설문조사,기초학력 진단-보정 시스템의 사용자 인터페이스 만족도 조사,3147,교육 - 유아및초·중등교육,"설문조사,설문지,교육정보화"
15045290,소속단체,한국교육학술정보원,한국교육학술정보원_다문화 학생의 정보격차 실태조사 설문지,"소외계층 학생의 정보격차 해소를 위한 교육정보화 정책방안 연구(KERIS, 2015)의 일환으로 실시한 정보격차 실태조사 설문지입니다.",3612,교육 - 유아및초·중등교육,"설문조사,설문지,교육정보화"
15045291,소속단체,한국교육학술정보원,한국교육학술정보원_초중등학교 교육정보화 수준측정 조사 설문지,"전국 초중등학교를 대상으로 실시한 ""2015년도 교육정보화 수준측정 조사"" 설문지 table입니다.",2508,교육 - 유아및초·중등교육,"설문조사,설문지,교육정보화"
15048968,소속단체,한국교육학술정보원,한국교육학술정보원_특수학교 시간표 정보_일간,"특수학교 학년도, 학교, 학기, 학년, 과정, 강의실, 교시별 시간표 수업내용을 확인할 수 있는 현황입니다.",2836,교육 - 유아및초·중등교육,"시간표,학교,수업내용"
15048969,소속단체,한국교육학술정보원,한국교육학술정보원_고등학교 시간표 정보_일간,"고등학교 학년도, 학교, 계열, 학과, 학기, 학년, 강의실, 교시별 시간표 수업내용을 확인할 수 있는 현황입니다.",3648,교육 - 유아및초·중등교육,"시간표,학교,수업내용"
15048970,소속단체,한국교육학술정보원,한국교육학술정보원_중학교 시간표 정보_일간,"중학교 학년도, 학교, 학기, 학년, 반, 교시별 시간표 수업내용을 확인할 수 있는 현황입니다.",4165,교육 - 유아및초·중등교육,"시간표,학교,수업내용"
15005015,소속단체,한국교육학술정보원,한국교육학술정보원_학사일정,"학년도, 학교별 주요 행사 정보에 대한 학사일자, 행사명, 행사내용, 학년별 행사여부 등의 현황입니다.",2427,교육 - 유아및초·중등교육,"학교일정,행사명,학사상세일정"
15037293,소속단체,한국교육학술정보원,한국교육학술정보원_반정보,"학교명 등의 검색 조건을 선택하여 반정보를 검색할 수 있으며 반정보 데이터셋을 이용하여 초등학교, 중학교 시간표 조회시 반정보를 콤보박스로 만들어 조회 조건으로 사용 할 수 있습니다.",2089,교육 - 유아및초·중등교육,"학교명,반,학과명"
15037294,소속단체,한국교육학술정보원,한국교육학술정보원_학원교습소정보,"개설되어있는 학원 및 교습소의 학원명, 휴원일자, 등록상태, 정원, 분야, 계열 및 과정등을 확인할 수 있으며 수강료 공개여부에 따라 수강료 내용을 확인할 수 있습니다.",3394,교육 - 유아및초·중등교육,"학원,교습소,교습과정"
15037296,소속단체,한국교육학술정보원,한국교육학술정보원_학교계열정보,"학교명 등의 검색 조건을 선택하여 학교계열정보를 검색할 수 있으며 학교계열정보 데이터셋을 이용하여 고등학교, 특수학교 시간표 조회시 학교계열정보를 콤보박스로 만들어 조회 조건으로 사용 할 수 있습니다.",2078,교육 - 유아및초·중등교육,"학교명,계열명,학교정보"
15037297,소속단체,한국교육학술정보원,한국교육학술정보원_학교학과정보,"학교명 등의 검색 조건을 선택하여 학교학과정보를 검색 할 수 있으며 학교학과정보 데이터셋을 이용하여 고등학교, 특수학교 시간표 조회시 학교학과정보를 콤보박스로 만들어 조회 조건으로 사용할 수 있습니다.",2322,교육 - 유아및초·중등교육,"학교,학과,학교명"
15048967,소속단체,한국교육학술정보원,한국교육학술정보원_초등학교 시간표 정보_일간,"초등학교의 학년도, 학교, 학기, 학년, 반, 교시별 시간표 수업내용을 확인할 수 있는 현황입니다",6001,교육 - 유아및초·중등교육,"시간표,학교,수업내용"
15057312,소속단체,한국교육학술정보원,한국교육학술정보원_교과학습자료(에듀넷),"초중등 교육과정에서 활용 가능한 교과학습용 멀티미디어(교과 단원별 학습용 자료, 평가문항 등)",4540,교육 - 유아및초·중등교육,교과@수업자료@초중등
15058918,소속단체,한국교육학술정보원,한국교육학술정보원_교과주제별 학습자료(에듀넷),"초중등 교육과정에서 활용 가능한 교과학습용 멀티미디어(교과 단원별 학습용 자료, 평가문항 등)",3037,교육 - 유아및초·중등교육,교과@수업자료@초중등
3068658,소속단체,한국교육학술정보원,한국교육학술정보원_교과외 교육 자료,"교과별 수업활동외 활용가능한 교육용자료 (특별 활동, 재량학습, 진로교육 등)",2433,교육 - 유아및초·중등교육,진로직업@창의인성@학습자료
15116988,소속단체,한국장학재단,한국장학재단_학자금지원정보(고등학생),"한국장학재단, 전국 지자체, 민간장학재단 등에서 고등학생을 대상으로 지원하는 학자금 정보(운영기관, 상품명, 상품구분, 학자금 지원 유형, 신청대상, 신청기간, 지원금액, 지원인원 등)입니다.<br/>학자금 지원정보(고등학생)에 관한 자세한 정보는 재단 홈페이지(https://portal.kosaf.go.kr/CO/jspAction.do?forwardOnlyFlag=N&forwardPage=pt/sm/cstmdsgngoods/PTSMCstmDsgnGoods_11M&beanName=PTSMCstmDsgnHgscGoodsSVC&methodName=getItgnSrchCstmDsgnGoodsList&inputVOName=kr.go.kosaf.portal.pt.sm.cstmdsgnhgscgoods.svc.PTSMCstmDsgnHgscGoodsSVO&ignoreSession=Y&no=1&lgclMenuClssCd=ss02&smclMenuClssCd=ss0205&naviParam=MK,01,01,05)를 참고바랍니다.",301,교육 - 유아및초·중등교육,"장학금,학자금지원,스마트맞춤설계"
15091298,유관기관,한국과학창의재단,한국과학창의재단_인공지능(AI)교육 선도학교 지정 정보,"인공지능(AI)교육 선도학교로 지정된 학교명, 학교급, 유형, 소속지역 등으로 해당학교가 유관 사업에 참여하는지 여부 등 또한 파악할 수 있어서 AI교육을 주도하는 지역·학교 등에  대한 연구 자료로 활용될 수 있음",5909,교육 - 유아및초·중등교육,"교육,인공지능,선도학교"
15091282,유관기관,한국과학창의재단,한국과학창의재단_소프트웨어(SW)영재학급 사업 운영 정보,"소프트웨어(SW) 영재학급 사업 운영 정보로 해당 학교, 수혜자 학생 수 등 기초데이터를 담음<br/><br/>해당 데이터가 보유한 칼럼은 다음과 같습니다.<br/>칼럼명: 구분, 학교명, 지역, 사업기간, 학교급, 수혜학생수",990,교육 - 유아및초·중등교육,"정보/통신,소프트웨어,달리 분류되지 않는 소프트웨어"
15098634,유관기관,한국교육개발원,한국교육개발원_위(Wee) 프로젝트 사업기관 현황,"2021년 위프로젝트 현황 조사(조사기준일: 2021년 4월 1일)에서 발췌한 가정형 위(Wee) 센터, 병원형 위(Wee)센터, 위(Wee) 스쿨의 지역별 기관명 자료입니다.",1499,교육 - 유아및초·중등교육,"가정형 위(Wee)센터,병원형 위(Wee)센터,위(Wee) 스쿨"
15073327,유관기관,한국교육개발원,한국교육개발원_2017년 기본연구_교육개혁 전망과 과제(II): 초·중등교육영역,"한국 초·중등교육이 개인의 잠재력 개발과 사회의 지속가능 발전에 기여하는 교육이 되어 학습자 모두 새로운 가치 창출을 할 수 있는 창의적 인재로 성장할 수 있도록, 무엇보다 학습자가 학습의 즐거움을 느끼는 교육이 되는데 그 혁신의 초점을 둔 연구이다. <br/><br/><br/><br/>",1705,교육 - 유아및초·중등교육,"교육개혁,학습자맞춤형교육,지능정보기술의 교육적 활용"
15073284,유관기관,한국교육개발원,"한국교육개발원_2017년 기본연구_중학생의 성장과정 분석: 학교, 가정, 지역사회를 중심으로(II)",성장과정의 역동성과 맥락성을 구체적으로 담아내기 위해서 4년간의 질적 종단연구를 연구방법으로 채택한 연구이다. <br/>,1705,교육 - 유아및초·중등교육,"중학생,성장과정,가정-학교-지역사회"
15073280,유관기관,한국교육개발원,한국교육개발원_2017년 기본연구_초등학생 학교폭력 실태와 대응 방안,"기존의 학교폭력 실태조사를 최소한으로 개선하면서 조사대상을 초등학교 3학년까지 확대하여 초등학생의 학교폭력 실태와 관련자들의 개인 및 사회관계적 특성을 파악하고, 조사 결과를 바탕으로 초등학생 중심의 학교폭력 대응 방안 마련을 위한 기초적인 제안을 한 연구이다.<br/>",2683,교육 - 유아및초·중등교육,"학교안전,화재안전,소방점검"
15073283,유관기관,한국교육개발원,한국교육개발원_2017년 기본연구_2017 한국교육종단연구 - 한국교육종단연구2013: 중학생의 교육경험과 교육성과(Ⅱ),"2013 코호트의 1~4차년도 데이터를 활용하여 중학생의 교육경험과 교육성과를 분석한 심층분석보고서, 2013 코호트의 1~4차년도 데이터를 활용하여 중학생의 교육 경험과 성장을 분석한 기초분석보고서, 중학교 3학년으로 성장·발달한 2013 코호트에 대한 5차년도 조사 결과를 담은 조사개요보고서, 2005 코호트의 1~10차년도 데이터를 활용하여 성인기의 인지적·비인지적 성장과 발달을 분석한 기초분석보고서이다.<br/>",2413,교육 - 유아및초·중등교육,"한국교육종단연구2013,교육성장,학업성취"
15072493,유관기관,한국교육개발원,한국교육개발원_2018년 기본연구_중등교육 온라인 개방형 교육체제 구축 방안,보편적인 중등교육의 기회와 교과 선택권을 보장하기 위하여 온라인 교육체제를 구안하고 추진 방안을 마련하고자 수행된 연구이다.,1675,교육 - 유아및초·중등교육,"온라인 개방형교육,학습권,맞춤형 교육과정"
15070657,유관기관,한국교육개발원,한국교육개발원_2019년 기본연구_온라인 학습분석 기반 맞춤형 교육지원 방안 연구,"본 연구는 모두 6장으로, 연구의 개요(Ⅰ), 선행 연구 및 문헌 분석(Ⅱ), 중등 단계 온라인 교육 현황(Ⅲ), 학습분석 기반 맞춤형 교육지원을 위한 조사 분석(Ⅳ), 학습분석 기반 맞춤형 교육지원 방안(Ⅴ), 그리고 정책 제언 및 추진 로드맵(Ⅵ)으로 구성된 연구이다.",1915,교육 - 유아및초·중등교육,"온라인 교육 플랫폼,학습분석,학습 데이터"
15072372,유관기관,한국교육개발원,한국교육개발원_2018년 기본연구_교사 주도 학교교육 혁신 연구,"학교교육의 질을 높이기 위한 학교교육 혁신은 어떠한 모습이며, 이 과정에서 교사는 어떠한 역할을 할 수 있을 것인가에 대한 고민에서 출발하여 그에 대한 방안을 찾기 위해 시도된 연구이다.<br/><br/>",1728,교육 - 유아및초·중등교육,"교사 주도,학교교육 혁신,혁신의 일상성"
15072395,유관기관,한국교육개발원,"한국교육개발원_2018년 기본연구_중학생의 성장과정 분석: 학교, 가정, 지역사회를 중심으로(Ⅲ)",중학생이 겪어가는 삶의 이야기를 추적하면서 담아가는 총 4년간의 질적 종단연구 중 3차년도 연구이다.,1685,교육 - 유아및초·중등교육,"중학생,성장,중학교"
15072409,유관기관,한국교육개발원,한국교육개발원_2018년 연구보고_고교교육 환경 변화 전망과 과제 : 학생들의 시선으로,"학생들의 시선으로 고교 교육의 현실과 미래교육을 바라보고, 학생에게 희망적 교육환경을 조성해주기 위한 정책적 과제를 제안하는 것이 목적인 연구이다.",1623,교육 - 유아및초·중등교육,"고교 교육,학생  시선,교육 환경"
15071100,유관기관,한국교육개발원,한국교육개발원_2019년 기본연구_교원 및 교직환경 국제 비교 연구: TALIS 2018 결과를 중심으로(Ⅰ),본 연구는 OECD가 제공하는 TALIS 2018의 주요 분석 결과를 우리나라 맥락에 맞게 제시하는 것이이 목적인 연구이다.<br/><br/>,1825,교육 - 유아및초·중등교육,"TALIS 2018,교사 양성 교육 및 초기 준비,교사 직무만족 및 동기"
15071130,유관기관,한국교육개발원,한국교육개발원_2019년 기본연구_초·중등학교 인권교육 현황 및 인권의식 분석,"1부에서는 본 연구의 필요 성과 목적(Ⅰ장), 이론적 배경(Ⅱ장), 조사 방법 및 도구 타당화(Ⅲ장) 등 조사 분석을 위한 기초 조사와 분석을 제시하였으며, 2부에서는 수집된 자료를 바탕으로 학교 인권교육,인권의식, 인권 실태를 다각도로 드러낼 수 있도록 각 장별 핵심 주제와 질문을 중심으로 심층 분석 결과를 제시한 연구이다.<br/><br/>",1775,교육 - 유아및초·중등교육,"인권교육,인권의식,인권실태"
15124813,유관기관,한국교육과정평가원,한국교육과정평가원_연구보고서 초록,기존에 개별적으로 제공되던 <br/>2014~2019년 기본 연구사업 보고서의 국문초록 및 영문초록 파일을 통합하여 제공합니다.<br/><br/>※ 관련 데이터<br/> - 연구보고서 목록: https://www.data.go.kr/data/15098907/fileData.do<br/> - Research Reports 목록: https://www.data.go.kr/data/15108738/fileData.do,134,교육 - 유아및초·중등교육,"연구보고서,국문초록,영문초록"
15095124,유관기관,한국교육과정평가원,한국교육과정평가원_우리나라 개정 차시별 학교급별 교육과정 현황,국가교육과정정보센터(NCIC)에서 제공하는 개정 차시별로 고시된 우리나라의 초?중?고등학교 총론/교과/교과 외 교육과정 및 관련 정보입니다.<br/><br/>해당원문은 https://ncic.re.kr/mobile.dwn.ogf.inventoryList.do에서 다운로드 받을 수 있습니다.,815,교육 - 유아및초·중등교육,"우리나라 교육과정,개정 차시별 교육과정,학교급별 교육과정"
15108738,유관기관,한국교육과정평가원,한국교육과정평가원_Research Reports 목록,"한국교육과정평가원에서 발간한 Research Reports를 온라인으로 제공합니다.<br/><br/>링크된 웹페이지를 통해 Reports를 확인할 수 있으며, 연도별로 형식(ebook, PDF 파일)은 상이할 수 있습니다.",283,교육 - 유아및초·중등교육,"연구리포트,목록,연구성과"
15100332,유관기관,한국교육과정평가원,한국교육과정평가원_연구사업 목록,"한국교육과정평가원에서 추진하는 연구사업 정보를 온라인으로 제공합니다.<br/><br/>   - 제공내용: 사업명, 연구진(연구사업 수행자),  연구사업 개요 및 추진 경과 등<br/><br/><br/>※ 연도별 연구 사업 선정현황은 링크된 페이지 좌측 메뉴의 ‘사업실명제 대상사업 선정현황’에서 확인할 수 있습니다.<br/>",393,교육 - 유아및초·중등교육,"사업실명제,연구사업,목록"
15099519,대학교,청주대학교 지방교육재정연구원,청주대학교 지방교육재정연구원_초중등학교위치,"본 데이터는 지방교육재정연구원에서 관리하는 전국 초등학교, 중학교, 고등학교의 위치정보(좌표)를 제공하는 파일입니다.",1974,교육 - 유아및초·중등교육,"초등학교소재지,중학교소재지,학교위치"
15099520,대학교,청주대학교 지방교육재정연구원,청주대학교 지방교육재정연구원_초등학교통학구역,본 데이터는  지방교육재정연구원에서 관리하는 전국 초등학교 통학구역 및 공동통학구역의 공간정보(SHP) 파일입니다.<br/>GIS 소프트웨어에서 공간정보 파일을 열어 확인할 수 있습니다.,1156,교육 - 유아및초·중등교육,"통학구역,학군,학구도"
15099521,대학교,청주대학교 지방교육재정연구원,청주대학교 지방교육재정연구원_학교학구도연계정보,"본 데이터는 지방교육재정연구원에서 관리하는 학교-학구도연계정보(학교ID, 학구ID, 학교명, 학교급 등) 파일입니다.",928,교육 - 유아및초·중등교육,"학구도,교육청,교육행정구역"
15099522,대학교,청주대학교 지방교육재정연구원,청주대학교 지방교육재정연구원_중학교학교군,본 데이터는 지방교육재정연구원에서 관리하는 전국 중학교 학교군 및 중학구의 공간 정보(SHP) 파일입니다.<br/>GIS 소프트웨어에서 공간정보 파일을 열어 확인할 수 있습니다.,1040,교육 - 유아및초·중등교육,"중학구,학군,지도"
15099523,대학교,청주대학교 지방교육재정연구원,청주대학교 지방교육재정연구원_고등학교학교군,본 데이터는 지방교육재정연구원에서 관리하는 평준화 지역 고등학교 학교군의 공간 정보(SHP) 파일입니다.<br/>GIS 소프트웨어에서 공간정보 파일을 열어 확인할 수 있습니다.,1035,교육 - 유아및초·중등교육,"학군,통학구역,지도"
15099524,대학교,청주대학교 지방교육재정연구원,청주대학교 지방교육재정연구원_고등학교비평준화지역,본 데이터는 지방교육재정연구원에서 관리하는 고등학교 비평준화지역 공간정보(SHP) 파일입니다.<br/>GIS 소프트웨어에서 공간정보 파일을 열어 확인할 수 있습니다.,966,교육 - 유아및초·중등교육,"학군,학구,지도"
15099525,대학교,청주대학교 지방교육재정연구원,청주대학교 지방교육재정연구원_교육행정구역,본 데이터는 지방교육재정연구원에서 관리하는 교육행정구역 공간정보(SHP) 파일입니다.<br/>GIS 소프트웨어에서 공간정보 파일을 열어 확인할 수 있습니다.,999,교육 - 유아및초·중등교육,"교육청,교육지원청,지도"
